state_id,x,y,visits,method_count,methods,color,category,marker
0,-4.01693392457424,-5.166703751812119,800,8,ETG-only;MAPPO;MAT;QMIX;QTRAN;RMAPPO;Synergy;VDN,#4c4c4c,cross_shared,D
249,-1.4552983513553197,-3.821199607256124,499,6,ETG-only;MAPPO;QMIX;QTRAN;RMAPPO;Synergy,#7c7c7c,cross_shared,D
312,-3.59308185684083,-4.510318170815505,417,5,ETG-only;MAPPO;QTRAN;RMAPPO;Synergy,#949494,cross_shared,D
15,0.43589150044998265,-1.368767619334837,395,6,ETG-only;MAPPO;MAT;QMIX;RMAPPO;Synergy,#7c7c7c,cross_shared,D
26,-1.5034997488674686,-2.28553693809822,228,6,ETG-only;MAPPO;QMIX;QTRAN;RMAPPO;Synergy,#7c7c7c,cross_shared,D
33,-4.101096774856978,-3.979396582289754,215,7,MAPPO;MAT;QMIX;QTRAN;RMAPPO;Synergy;VDN,#646464,cross_shared,D
323,-3.7977806406783468,-4.3546016382947395,210,6,ETG-only;MAPPO;QTRAN;RMAPPO;Synergy;VDN,#7c7c7c,cross_shared,D
22,-3.623018390952897,-4.333798664554148,191,8,ETG-only;MAPPO;MAT;QMIX;QTRAN;RMAPPO;Synergy;VDN,#4c4c4c,cross_shared,D
105,-1.7011054565823513,-2.0301536691439774,156,4,MAT;QMIX;QTRAN;VDN,#acacac,baseline_shared,o
1,-3.8381059237067943,-4.140434843633389,152,3,MAT;QMIX;VDN,#c3c3c3,baseline_shared,o
42,-1.5313480286484218,-2.6773397225696556,137,4,ETG-only;MAPPO;MAT;QMIX,#acacac,cross_shared,D
552,2.7582597232500707,-0.3921676212887306,136,4,ETG-only;MAPPO;RMAPPO;Synergy,#acacac,cross_shared,D
662,-1.4101365494126514,-3.3549314864989923,128,2,ETG-only;Synergy,#dbdbdb,calp_shared,^
328,0.6221906990854371,-0.657514281737741,121,3,MAPPO;QTRAN;RMAPPO,#c3c3c3,baseline_shared,o
339,2.9665115975743177,-0.07019172892099913,106,3,MAPPO;QTRAN;RMAPPO,#c3c3c3,baseline_shared,o
47,3.2773603746979223,2.996144998236102,105,5,MAPPO;MAT;QMIX;QTRAN;VDN,#949494,baseline_shared,o
10,2.9959579893964876,3.0859905265951912,96,3,MAT;QMIX;VDN,#c3c3c3,baseline_shared,o
337,2.7449925578650576,0.912334831611174,93,4,ETG-only;QTRAN;RMAPPO;Synergy,#acacac,cross_shared,D
547,4.933382910875593,-0.3544799774351603,92,4,ETG-only;MAPPO;RMAPPO;Synergy,#acacac,cross_shared,D
9,3.1068361143932757,2.478097016715234,90,3,MAT;QMIX;VDN,#c3c3c3,baseline_shared,o
36,-1.6976065737415877,-2.057813566106313,84,5,ETG-only;MAPPO;MAT;QMIX;Synergy,#949494,cross_shared,D
333,0.7790163404447311,-0.9421098882387171,82,3,ETG-only;MAPPO;QTRAN,#c3c3c3,cross_shared,D
546,3.5777105652675387,1.9997595038038356,82,3,ETG-only;MAPPO;RMAPPO,#c3c3c3,cross_shared,D
32,5.126707462126596,0.7356282358109864,80,3,QMIX;QTRAN;VDN,#c3c3c3,baseline_shared,o
20,3.6852443065376854,4.091852612213003,79,4,MAT;QMIX;QTRAN;VDN,#acacac,baseline_shared,o
11,4.80765626350587,0.923978181727051,78,3,MAT;QMIX;VDN,#c3c3c3,baseline_shared,o
613,-1.6185570564439067,-2.744624461571761,78,3,ETG-only;RMAPPO;Synergy,#c3c3c3,cross_shared,D
315,0.7646835151694186,0.3925861127117687,75,1,QTRAN,#9467BD,baseline_unique,o
317,3.6000736350619498,2.8547639164069984,73,3,MAPPO;QTRAN;Synergy,#c3c3c3,cross_shared,D
543,-1.4650017592763844,-2.429177089187931,71,3,ETG-only;MAPPO;RMAPPO,#c3c3c3,cross_shared,D
21,5.857295612571359,1.3681112469522783,69,4,MAT;QMIX;QTRAN;VDN,#acacac,baseline_shared,o
313,-1.6210897804053281,-1.3497057593861166,68,1,QTRAN,#9467BD,baseline_unique,o
213,2.96021707894402,2.849066504702339,64,3,MAT;QMIX;QTRAN,#c3c3c3,baseline_shared,o
81,0.43018469941381204,-1.350750685695138,60,4,ETG-only;MAPPO;QMIX;RMAPPO,#acacac,cross_shared,D
651,3.5069125073550427,-1.7812248938182025,60,2,ETG-only;Synergy,#dbdbdb,calp_shared,^
5,0.5041558067571777,-0.18560269822837475,56,3,MAT;QMIX;VDN,#c3c3c3,baseline_shared,o
549,3.2754251492511415,2.5704396823166653,56,3,MAPPO;RMAPPO;Synergy,#c3c3c3,cross_shared,D
314,-1.8283307655433225,-0.12760957179398702,55,1,QTRAN,#9467BD,baseline_unique,o
762,0.7897721794269232,-2.257174450695224,55,1,Synergy,#1F5A9D,calp_unique,^
538,0.4018888488037302,-0.7524082251890734,54,3,ETG-only;MAPPO;MAT,#c3c3c3,cross_shared,D
544,-1.0735529543795284,-2.068745985082353,54,3,MAPPO;MAT;RMAPPO,#c3c3c3,baseline_shared,o
13,-3.66528809498584,-3.1736121947202363,53,2,MAT;QMIX,#dbdbdb,baseline_shared,o
14,-3.8692124355188224,-2.0773055588742495,51,2,MAT;QMIX,#dbdbdb,baseline_shared,o
540,2.2642485339310507,1.2057928188022595,50,2,MAPPO;MAT,#dbdbdb,baseline_shared,o
96,-1.7888059687269195,-1.027885771364564,49,3,QMIX;QTRAN;VDN,#c3c3c3,baseline_shared,o
649,-1.2511206626497224,-3.793533816451509,49,2,ETG-only;Synergy,#dbdbdb,calp_shared,^
660,2.9232803466035633,-0.8287765485661786,49,2,ETG-only;Synergy,#dbdbdb,calp_shared,^
58,1.126311946020388,4.8454827669759695,47,3,QMIX;QTRAN;VDN,#c3c3c3,baseline_shared,o
144,4.92274322608442,-0.06747204572387108,47,4,ETG-only;MAT;QMIX;RMAPPO,#acacac,cross_shared,D
622,2.8948788985220175,-0.4126926486863906,47,1,RMAPPO,#8C564B,baseline_unique,o
554,4.818328851054868,-0.43268860123567937,46,3,ETG-only;MAPPO;Synergy,#c3c3c3,cross_shared,D
54,-1.7471362767367213,-1.2561247613249373,44,2,QMIX;VDN,#dbdbdb,baseline_shared,o
211,0.4371050964599633,2.0617771718681346,44,2,QMIX;QTRAN,#dbdbdb,baseline_shared,o
175,-1.8216543759208852,-1.0604784495117456,43,4,MAT;QMIX;QTRAN;VDN,#acacac,baseline_shared,o
558,0.6903283079410893,-0.857875365939997,43,3,ETG-only;MAPPO;Synergy,#c3c3c3,cross_shared,D
31,3.366265502135342,2.4859822578081,42,4,MAT;QMIX;QTRAN;VDN,#acacac,baseline_shared,o
19,3.1891300155050253,2.6169317449251226,41,3,MAT;QMIX;VDN,#c3c3c3,baseline_shared,o
711,1.329828340164922,-1.5685830784755963,41,2,ETG-only;Synergy,#dbdbdb,calp_shared,^
34,-3.945277174039501,-2.889403582457127,38,2,MAT;QMIX,#dbdbdb,baseline_shared,o
619,-1.4302533452870476,-2.7039928229018875,38,1,RMAPPO,#8C564B,baseline_unique,o
623,2.7235804980336247,0.7079812074076889,38,3,ETG-only;RMAPPO;Synergy,#c3c3c3,cross_shared,D
28,-1.4657754582446927,-0.3979073464001832,37,3,QMIX;QTRAN;VDN,#c3c3c3,baseline_shared,o
112,2.49112218952853,1.4044539242526766,37,3,MAT;QMIX;VDN,#c3c3c3,baseline_shared,o
142,2.5702692176496176,0.6646926982153131,36,2,MAPPO;QMIX,#dbdbdb,baseline_shared,o
567,2.560706637237111,-0.003577051499118049,35,3,ETG-only;MAPPO;Synergy,#c3c3c3,cross_shared,D
73,2.5531552627257494,1.0814683640944855,34,2,ETG-only;QMIX,#dbdbdb,cross_shared,D
78,2.5976492343536535,0.43699271540455303,34,4,MAPPO;MAT;QMIX;VDN,#acacac,baseline_shared,o
192,-3.5379548729697374,-2.0546986337246493,34,2,MAT;QMIX,#dbdbdb,baseline_shared,o
37,-1.7156619982145644,-1.1538556654694851,33,2,MAT;QMIX,#dbdbdb,baseline_shared,o
93,4.941740572080527,0.6874191815154267,33,2,QMIX;VDN,#dbdbdb,baseline_shared,o
223,0.41927915473382793,-0.7406736639281295,33,2,MAT;QMIX,#dbdbdb,baseline_shared,o
307,-1.5804566626895598,-2.4710403300771286,33,3,QMIX;QTRAN;RMAPPO,#c3c3c3,baseline_shared,o
27,-1.4860195157942524,-1.4535344401486776,32,3,MAT;QMIX;VDN,#c3c3c3,baseline_shared,o
298,3.118285340222147,3.1391798375572875,32,2,QMIX;RMAPPO,#dbdbdb,baseline_shared,o
548,0.5494092168485089,-0.6782258699647298,32,3,ETG-only;MAPPO;Synergy,#c3c3c3,cross_shared,D
570,2.293562552699303,1.1743250315833904,32,2,ETG-only;MAT,#dbdbdb,cross_shared,D
17,0.4641525393980085,0.5237758257347487,31,3,MAT;QMIX;VDN,#c3c3c3,baseline_shared,o
67,2.4595974024607115,0.6178951978279293,31,3,MAT;QMIX;VDN,#c3c3c3,baseline_shared,o
225,-1.5837700940785253,-1.2923151395510242,31,2,QMIX;QTRAN,#dbdbdb,baseline_shared,o
402,-3.657395031399745,-3.10146302338643,31,2,MAT;VDN,#dbdbdb,baseline_shared,o
559,2.943535993687786,-0.220104877646869,31,3,ETG-only;MAPPO;Synergy,#c3c3c3,cross_shared,D
621,0.7365028929125799,-0.9772421893692176,31,2,ETG-only;RMAPPO,#dbdbdb,cross_shared,D
624,3.5439098079986024,2.140809843492158,31,2,ETG-only;RMAPPO,#dbdbdb,cross_shared,D
653,0.9426968981515452,-2.0183551225596372,31,2,ETG-only;Synergy,#dbdbdb,calp_shared,^
656,2.7879147124483823,0.06052215258909068,31,2,ETG-only;Synergy,#dbdbdb,calp_shared,^
18,2.4463411228374743,1.0127807010961565,30,3,MAT;QMIX;QTRAN,#c3c3c3,baseline_shared,o
23,-3.343002916939319,-4.062389924351848,30,5,MAPPO;QMIX;QTRAN;RMAPPO;VDN,#949494,baseline_shared,o
79,2.237798943702245,1.4502788895701884,30,4,MAPPO;MAT;QMIX;VDN,#acacac,baseline_shared,o
84,-3.305614122172695,-3.4885540988174393,30,3,MAT;QMIX;VDN,#c3c3c3,baseline_shared,o
166,0.39190390126337665,0.01340389882714222,30,2,QMIX;RMAPPO,#dbdbdb,baseline_shared,o
230,6.167890656094822,1.5148528151159886,30,2,QMIX;QTRAN,#dbdbdb,baseline_shared,o
778,0.6235974385735621,-1.361840796633748,30,1,Synergy,#1F5A9D,calp_unique,^
99,0.4505239637554587,0.6628021027409176,29,3,QMIX;QTRAN;VDN,#c3c3c3,baseline_shared,o
172,5.08335999060391,0.5549751451882882,29,3,MAT;QMIX;QTRAN,#c3c3c3,baseline_shared,o
184,-3.7288097581283313,-3.921726625753309,29,2,MAT;QMIX,#dbdbdb,baseline_shared,o
541,2.9408788285261958,2.9542862448550893,29,1,MAPPO,#17BECF,baseline_unique,o
139,-2.5664880767985516,-0.4757749227130378,28,3,MAPPO;MAT;QMIX,#c3c3c3,baseline_shared,o
150,3.6300758961031043,4.438670409410943,28,3,MAT;QMIX;VDN,#c3c3c3,baseline_shared,o
327,-1.3888428778792312,-1.8050005960360471,28,1,QTRAN,#9467BD,baseline_unique,o
545,2.595190876713457,0.8159602606034465,28,1,MAPPO,#17BECF,baseline_unique,o
46,2.7952067639406746,0.34821586451500824,26,2,MAT;QMIX,#dbdbdb,baseline_shared,o
138,-4.330057046361384,-2.6977552714920856,26,4,MAPPO;MAT;QMIX;QTRAN,#acacac,baseline_shared,o
342,-1.399516686896107,-0.6240922450536555,26,1,QTRAN,#9467BD,baseline_unique,o
343,-1.5279453528241105,-0.24231588519477756,26,2,QTRAN;VDN,#dbdbdb,baseline_shared,o
420,-3.44069363950511,-2.4788503040816083,26,2,MAT;VDN,#dbdbdb,baseline_shared,o
542,4.9036577370905094,0.07622204780728824,26,1,MAPPO,#17BECF,baseline_unique,o
627,0.6834981930239762,-0.747994271098198,26,2,ETG-only;RMAPPO,#dbdbdb,cross_shared,D
275,3.5465588646832353,4.355975144230077,25,2,QMIX;QTRAN,#dbdbdb,baseline_shared,o
6,0.9082475781323409,0.6773588085751309,24,3,MAT;QMIX;VDN,#c3c3c3,baseline_shared,o
350,5.163256387299743,0.13697849288001854,24,2,QTRAN;RMAPPO,#dbdbdb,baseline_shared,o
539,2.677531522893607,-0.29929792184640996,24,1,MAPPO,#17BECF,baseline_unique,o
2,-3.6836584841369664,-3.0697119144395435,23,3,MAT;QMIX;VDN,#c3c3c3,baseline_shared,o
16,0.3003419306909231,-0.3243640684758605,23,2,MAT;QMIX,#dbdbdb,baseline_shared,o
59,3.461564940002969,4.466523995671856,23,2,QMIX;QTRAN,#dbdbdb,baseline_shared,o
69,-4.244492318909284,-3.3246965800160675,23,4,MAPPO;MAT;QMIX;RMAPPO,#acacac,baseline_shared,o
106,-1.47999364489899,-0.359520971647244,23,2,QMIX;QTRAN,#dbdbdb,baseline_shared,o
409,-3.7720133129539826,-1.9246398100509008,23,1,VDN,#D62728,baseline_unique,o
562,2.800955098248011,-0.07954325178141916,23,3,ETG-only;MAPPO;MAT,#c3c3c3,cross_shared,D
654,0.9302387421468008,-1.5530207517638435,23,2,ETG-only;Synergy,#dbdbdb,calp_shared,^
45,0.6795182479957025,0.039679006646888955,22,4,MAPPO;MAT;QMIX;Synergy,#acacac,cross_shared,D
74,2.9929750885992545,3.1690326920441954,22,3,MAT;QMIX;QTRAN,#c3c3c3,baseline_shared,o
94,-4.018521921569741,-3.196667416582246,22,3,MAT;QMIX;VDN,#c3c3c3,baseline_shared,o
366,-1.3571313761827535,-2.09380033722882,22,4,MAPPO;QTRAN;RMAPPO;VDN,#acacac,baseline_shared,o
614,2.6412138774244873,-0.10462562189681429,22,2,ETG-only;RMAPPO,#dbdbdb,cross_shared,D
657,-0.9359555310668253,-2.9251838365305014,22,2,ETG-only;Synergy,#dbdbdb,calp_shared,^
24,-3.1108737422627977,-3.732174580183577,21,3,MAPPO;MAT;QMIX,#c3c3c3,baseline_shared,o
145,0.37425413420882003,-0.4812992924499145,21,3,MAT;QMIX;VDN,#c3c3c3,baseline_shared,o
269,2.4087936522873132,1.0564950372663662,21,3,MAT;QMIX;RMAPPO,#c3c3c3,baseline_shared,o
406,-1.888602221490124,0.4957859294344038,21,1,VDN,#D62728,baseline_unique,o
615,2.2671998590500335,1.1175672322973533,21,1,RMAPPO,#8C564B,baseline_unique,o
696,3.223995612031496,-0.18763062450626214,21,2,ETG-only;Synergy,#dbdbdb,calp_shared,^
53,-1.7251755850146369,-2.2958310767265586,20,3,MAT;QMIX;QTRAN,#c3c3c3,baseline_shared,o
178,-1.1823878852733396,-1.951108855366849,20,3,QMIX;QTRAN;RMAPPO,#c3c3c3,baseline_shared,o
408,0.564713074951715,0.8473631890118988,20,2,MAT;VDN,#dbdbdb,baseline_shared,o
553,2.665912456739669,0.565910700319853,20,2,ETG-only;MAPPO,#dbdbdb,cross_shared,D
616,2.577507305164376,0.7759207931862618,20,2,ETG-only;RMAPPO,#dbdbdb,cross_shared,D
677,2.6265939438683232,-0.21364126429773964,20,2,ETG-only;Synergy,#dbdbdb,calp_shared,^
684,0.7719836969345503,-1.8901878906812515,20,2,ETG-only;Synergy,#dbdbdb,calp_shared,^
41,-3.1507921184934005,-3.7192403748030642,19,2,MAT;QMIX,#dbdbdb,baseline_shared,o
43,-1.6036522820650392,-1.42083519504726,19,2,MAT;QMIX,#dbdbdb,baseline_shared,o
51,0.928146543409797,4.521995830874111,19,3,MAT;QMIX;VDN,#c3c3c3,baseline_shared,o
71,-1.5555432162111775,-0.1126223886433693,19,3,MAT;QMIX;VDN,#c3c3c3,baseline_shared,o
108,0.2866212754236695,1.3800540662174752,19,2,QMIX;VDN,#dbdbdb,baseline_shared,o
324,-1.6100472758921804,-1.7159595191365506,19,1,QTRAN,#9467BD,baseline_unique,o
403,-3.663287849263496,-2.4038372522629263,19,1,VDN,#D62728,baseline_unique,o
620,2.6203157998935556,0.5890110241575152,19,1,RMAPPO,#8C564B,baseline_unique,o
12,-4.034496047932655,-3.4268468054490797,18,2,MAT;QMIX,#dbdbdb,baseline_shared,o
60,4.091933176002391,5.501579105134253,18,3,QMIX;QTRAN;VDN,#c3c3c3,baseline_shared,o
325,0.2156887959040441,2.0992782543824355,18,2,QTRAN;VDN,#dbdbdb,baseline_shared,o
427,2.385942327490912,1.5469065428932016,18,2,MAT;VDN,#dbdbdb,baseline_shared,o
628,0.7526300209322325,-0.7936493972623473,18,2,RMAPPO;Synergy,#dbdbdb,cross_shared,D
655,3.549426162243456,-1.9785104238864633,18,2,ETG-only;Synergy,#dbdbdb,calp_shared,^
76,-3.6229609452253295,-0.3958513169333133,17,2,MAT;QMIX,#dbdbdb,baseline_shared,o
95,-3.9388530520587124,-1.805810349612121,17,2,QMIX;VDN,#dbdbdb,baseline_shared,o
155,-4.23534948051514,-2.6193054468005617,17,3,MAT;QMIX;VDN,#c3c3c3,baseline_shared,o
157,0.34183717524509877,-0.4392761925624123,17,3,MAT;QMIX;VDN,#c3c3c3,baseline_shared,o
215,2.734559977960858,0.3527046987385865,17,4,MAT;QMIX;QTRAN;Synergy,#acacac,cross_shared,D
228,0.6759218445355596,1.8291466216497065,17,3,QMIX;QTRAN;VDN,#c3c3c3,baseline_shared,o
617,0.5040155269147303,-0.6789729557530056,17,1,RMAPPO,#8C564B,baseline_unique,o
652,1.056944830295574,-1.763213472560528,17,2,ETG-only;Synergy,#dbdbdb,calp_shared,^
690,3.7171178655727934,2.456460103195692,17,2,ETG-only;Synergy,#dbdbdb,calp_shared,^
25,-2.8410664127538348,-3.1205331575481523,16,2,QMIX;VDN,#dbdbdb,baseline_shared,o
196,2.4473086128061943,0.915057499493204,16,2,MAT;QMIX,#dbdbdb,baseline_shared,o
267,2.258124257903357,1.6897955497108608,16,2,QMIX;VDN,#dbdbdb,baseline_shared,o
309,0.7344988974737291,0.4499127607491006,16,2,QMIX;VDN,#dbdbdb,baseline_shared,o
745,-1.2102366445980073,-3.421174517596137,16,2,ETG-only;Synergy,#dbdbdb,calp_shared,^
55,-1.7011424334368146,-0.21240776654656085,15,2,QMIX;QTRAN,#dbdbdb,baseline_shared,o
97,-1.7717349064203585,-0.07393288997200224,15,2,QMIX;VDN,#dbdbdb,baseline_shared,o
117,3.2704229991370948,2.863107919129802,15,2,QMIX;QTRAN,#dbdbdb,baseline_shared,o
118,-4.228653789079498,-1.7481860383371288,15,2,MAT;QMIX,#dbdbdb,baseline_shared,o
147,-3.389093637969122,-2.5261112650455355,15,2,MAT;QMIX,#dbdbdb,baseline_shared,o
270,2.573614842981334,0.7268435696701724,15,2,MAT;QMIX,#dbdbdb,baseline_shared,o
292,-1.4335347385022765,-1.3831855221991125,15,3,MAT;QMIX;VDN,#c3c3c3,baseline_shared,o
346,3.7369861482039086,-1.4874359908326946,15,4,ETG-only;MAPPO;QTRAN;RMAPPO,#acacac,cross_shared,D
531,-3.5389635096074654,-0.934341917458715,15,2,MAT;VDN,#dbdbdb,baseline_shared,o
583,0.33309877842126834,-0.5805780887312718,15,2,MAT;Synergy,#dbdbdb,cross_shared,D
650,3.148123146628575,0.2131484754772321,15,2,ETG-only;Synergy,#dbdbdb,calp_shared,^
706,1.157974722174218,-2.2459891235474605,15,2,ETG-only;Synergy,#dbdbdb,calp_shared,^
129,-3.70276398589645,-0.5922413674260691,14,2,QMIX;VDN,#dbdbdb,baseline_shared,o
193,0.4286430963012437,-1.072354623854368,14,2,QMIX;Synergy,#dbdbdb,cross_shared,D
389,-1.2803247268403355,-1.7985207559077565,14,2,QTRAN;RMAPPO,#dbdbdb,baseline_shared,o
401,2.287663707558361,1.3863530407410318,14,1,VDN,#D62728,baseline_unique,o
481,-3.508818263029331,-2.438455184573911,14,1,VDN,#D62728,baseline_unique,o
555,0.7712347864744138,-0.5388337744242847,14,2,MAPPO;MAT,#dbdbdb,baseline_shared,o
563,2.2743747268788166,1.4893475831698422,14,2,ETG-only;MAPPO,#dbdbdb,cross_shared,D
668,2.365862134054439,0.763930052832939,14,2,ETG-only;Synergy,#dbdbdb,calp_shared,^
8,2.2661597086956315,1.551408510609402,13,3,MAT;QMIX;VDN,#c3c3c3,baseline_shared,o
82,0.3376064062186026,0.2585920431921601,13,3,MAT;QMIX;QTRAN,#c3c3c3,baseline_shared,o
110,-1.5340631028696594,-0.16467955462534137,13,2,QMIX;VDN,#dbdbdb,baseline_shared,o
169,-1.7686401279584405,0.461828510337775,13,2,MAT;QMIX,#dbdbdb,baseline_shared,o
188,0.2586336286924123,1.799620301638354,13,2,QMIX;VDN,#dbdbdb,baseline_shared,o
256,3.4813264539063407,4.0707173283743305,13,2,QMIX;VDN,#dbdbdb,baseline_shared,o
276,6.017602079945987,2.2691150211144673,13,3,QMIX;QTRAN;VDN,#c3c3c3,baseline_shared,o
330,3.682858695750243,2.0227787523929663,13,2,MAPPO;QTRAN,#dbdbdb,baseline_shared,o
560,4.965372260750603,-0.6852024549022798,13,3,ETG-only;MAPPO;Synergy,#c3c3c3,cross_shared,D
631,2.9689603022516384,-0.4151345324002522,13,3,ETG-only;RMAPPO;Synergy,#c3c3c3,cross_shared,D
661,3.084036807532158,-0.232556568085651,13,2,ETG-only;Synergy,#dbdbdb,calp_shared,^
687,2.9883548069093284,0.3358853653619709,13,2,ETG-only;Synergy,#dbdbdb,calp_shared,^
689,0.8431337633030344,-1.7724160525488635,13,2,ETG-only;Synergy,#dbdbdb,calp_shared,^
767,1.227834240639518,-1.6558207629278425,13,1,Synergy,#1F5A9D,calp_unique,^
7,2.757185941026203,0.8560141073173709,12,2,MAT;QMIX,#dbdbdb,baseline_shared,o
39,0.2283232535614387,1.060071645162363,12,4,MAT;QMIX;QTRAN;VDN,#acacac,baseline_shared,o
63,-1.7177231107280624,-0.817469203147815,12,2,MAT;QMIX,#dbdbdb,baseline_shared,o
88,-1.331453309696069,-0.2502305093475208,12,3,QMIX;QTRAN;VDN,#c3c3c3,baseline_shared,o
242,-3.814199391439837,-3.025055925589,12,2,QMIX;VDN,#dbdbdb,baseline_shared,o
257,-3.9299889302945767,-3.8378809751659575,12,2,QMIX;VDN,#dbdbdb,baseline_shared,o
397,-4.15208159420208,-3.026398011314914,12,1,VDN,#D62728,baseline_unique,o
410,-3.724807993770838,-0.44250251681619407,12,1,VDN,#D62728,baseline_unique,o
416,-3.849300719767282,-0.25957356072351623,12,1,VDN,#D62728,baseline_unique,o
417,-3.763765067727705,-2.067705360927816,12,2,MAT;VDN,#dbdbdb,baseline_shared,o
442,-3.6041942457742238,-2.102096128505702,12,1,VDN,#D62728,baseline_unique,o
450,-3.559457574124479,-0.6534097309659255,12,1,VDN,#D62728,baseline_unique,o
505,-3.6372768187262077,-0.4664111559353158,12,2,MAT;VDN,#dbdbdb,baseline_shared,o
557,0.4038158336322415,3.5602411105913463,12,4,ETG-only;MAPPO;MAT;Synergy,#acacac,cross_shared,D
572,0.7301614677215761,0.33394824573019777,12,1,MAT,#E377C2,baseline_unique,o
3,-3.744618795405772,-2.1935566915681615,11,1,QMIX,#F28E2B,baseline_unique,o
40,2.1978018091228937,1.9258807921263168,11,3,MAT;QMIX;VDN,#c3c3c3,baseline_shared,o
49,0.2861970155607923,0.28973279492038273,11,2,QMIX;VDN,#dbdbdb,baseline_shared,o
70,-1.6165641208521648,-1.1361428781817156,11,3,MAT;QMIX;VDN,#c3c3c3,baseline_shared,o
121,0.17014863857512094,0.8393653795041132,11,2,QMIX;VDN,#dbdbdb,baseline_shared,o
151,5.505676101513844,3.4599018109248822,11,2,MAT;QMIX,#dbdbdb,baseline_shared,o
168,2.3678373053850903,0.8762144451236431,11,3,MAT;QMIX;RMAPPO,#c3c3c3,baseline_shared,o
185,-3.7168017708120655,-2.370678903345751,11,2,MAT;QMIX,#dbdbdb,baseline_shared,o
229,3.3234475721086625,2.861749486640911,11,3,MAPPO;QMIX;VDN,#c3c3c3,baseline_shared,o
449,-3.917121473504333,-2.8471212894434608,11,1,VDN,#D62728,baseline_unique,o
564,3.3715528378930895,-1.678910654820335,11,2,ETG-only;MAPPO,#dbdbdb,cross_shared,D
632,3.390299783865765,-1.8422124503925674,11,2,RMAPPO;Synergy,#dbdbdb,cross_shared,D
675,0.4041350261703926,-1.1806632796076255,11,1,ETG-only,#8DB7E8,calp_unique,^
676,-1.3396986521587315,-2.705208222658165,11,1,ETG-only,#8DB7E8,calp_unique,^
682,0.6867105561503059,-0.9912696524780582,11,2,ETG-only;Synergy,#dbdbdb,calp_shared,^
703,4.047438474015708,2.634284101609665,11,2,ETG-only;Synergy,#dbdbdb,calp_shared,^
707,3.0724541943326003,-0.710770704455584,11,2,ETG-only;Synergy,#dbdbdb,calp_shared,^
710,3.4169157350854804,0.5113834801398969,11,2,ETG-only;Synergy,#dbdbdb,calp_shared,^
38,-1.81430708275472,0.005660061470086579,10,2,QMIX;VDN,#dbdbdb,baseline_shared,o
102,1.3603130354873525,4.67323799559864,10,3,QMIX;QTRAN;VDN,#c3c3c3,baseline_shared,o
104,-3.8829412341922116,-2.9383193854671585,10,2,QMIX;VDN,#dbdbdb,baseline_shared,o
119,-2.0366007898088085,-0.8794590765020737,10,1,QMIX,#F28E2B,baseline_unique,o
125,0.4287794774749294,1.3827277746720765,10,2,MAT;QMIX,#dbdbdb,baseline_shared,o
131,-1.4568907853218858,0.4557419769144828,10,2,QMIX;VDN,#dbdbdb,baseline_shared,o
227,-1.666432452280268,1.7726179587937654,10,2,QMIX;QTRAN,#dbdbdb,baseline_shared,o
238,0.5466218632576201,1.277675929992809,10,2,QMIX;VDN,#dbdbdb,baseline_shared,o
266,0.6991639639567563,0.9336748068372571,10,2,MAT;QMIX,#dbdbdb,baseline_shared,o
311,-1.8101626718677077,-1.4782258685650282,10,1,QTRAN,#9467BD,baseline_unique,o
352,-3.6077608371797503,-2.427875757403019,10,2,QTRAN;VDN,#dbdbdb,baseline_shared,o
484,0.23026756910261423,1.0089930423776783,10,2,MAT;VDN,#dbdbdb,baseline_shared,o
765,0.902844403965011,-1.8564010106190296,10,1,Synergy,#1F5A9D,calp_unique,^
35,-4.001429821015575,-1.880200175938337,9,1,QMIX,#F28E2B,baseline_unique,o
52,-4.176878246178063,-2.7567429266566226,9,1,QMIX,#F28E2B,baseline_unique,o
86,-3.1093074195098604,-2.6037045956673803,9,2,QMIX;VDN,#dbdbdb,baseline_shared,o
89,0.6448824243035052,0.294045778512772,9,2,QMIX;QTRAN,#dbdbdb,baseline_shared,o
107,-1.485382124593071,0.9652462253659062,9,3,QMIX;QTRAN;VDN,#c3c3c3,baseline_shared,o
143,3.3628047646515835,2.3355924545450915,9,2,QMIX;Synergy,#dbdbdb,cross_shared,D
148,1.0576567914073267,4.497922324437085,9,3,QMIX;QTRAN;VDN,#c3c3c3,baseline_shared,o
176,-1.8266594051095302,-0.044765768493124275,9,2,QMIX;VDN,#dbdbdb,baseline_shared,o
214,-1.7745659318872609,0.2377219352566635,9,2,MAT;QMIX,#dbdbdb,baseline_shared,o
296,0.10089800126747973,1.5867666023269482,9,3,MAT;QMIX;VDN,#c3c3c3,baseline_shared,o
310,0.4474506827824643,0.7083820058609932,9,2,QMIX;RMAPPO,#dbdbdb,baseline_shared,o
316,1.2246120647636103,3.517450929945538,9,1,QTRAN,#9467BD,baseline_unique,o
319,-3.206746217695382,-3.7827967617993568,9,2,QTRAN;VDN,#dbdbdb,baseline_shared,o
331,-2.070208269876588,0.13511287420076673,9,1,QTRAN,#9467BD,baseline_unique,o
335,-1.7127070162560973,-0.3189004714225152,9,2,QTRAN;VDN,#dbdbdb,baseline_shared,o
428,-3.4392768636390776,-3.923722751882292,9,1,VDN,#D62728,baseline_unique,o
432,2.3040427722193995,2.116079949599916,9,2,MAT;VDN,#dbdbdb,baseline_shared,o
483,0.3941235040452565,0.19813194587843472,9,2,MAPPO;VDN,#dbdbdb,baseline_shared,o
492,-4.122706929151619,-1.5364245327018893,9,1,VDN,#D62728,baseline_unique,o
532,-3.486011516769981,0.5552872972252587,9,2,MAT;VDN,#dbdbdb,baseline_shared,o
575,-1.6926895139220812,-1.37237999658901,9,1,MAT,#E377C2,baseline_unique,o
578,-4.294267818760569,-1.689224734685979,9,1,MAT,#E377C2,baseline_unique,o
579,-3.411328128146091,1.0003097066887736,9,1,MAT,#E377C2,baseline_unique,o
589,-2.0029283074561017,0.37483225356575467,9,1,MAT,#E377C2,baseline_unique,o
646,2.782207854574028,0.49016496102978313,9,2,ETG-only;Synergy,#dbdbdb,calp_shared,^
685,0.8242288395192965,-1.0609991720466465,9,2,ETG-only;Synergy,#dbdbdb,calp_shared,^
694,3.736204351857838,2.071470074167267,9,2,ETG-only;Synergy,#dbdbdb,calp_shared,^
697,-1.2632581475550306,-3.9394264215942627,9,2,ETG-only;Synergy,#dbdbdb,calp_shared,^
735,2.6370999246092417,-0.505169483516824,9,2,ETG-only;Synergy,#dbdbdb,calp_shared,^
57,0.2646163643723151,2.2711172328796296,8,2,QMIX;QTRAN,#dbdbdb,baseline_shared,o
68,3.0374751074670567,2.700744899931429,8,2,QMIX;Synergy,#dbdbdb,cross_shared,D
75,-3.3820756465821713,-2.553463118595801,8,1,QMIX,#F28E2B,baseline_unique,o
80,-1.67610275722796,-1.594679265950461,8,1,QMIX,#F28E2B,baseline_unique,o
91,2.5745214508456606,0.9135672657240943,8,2,QMIX;VDN,#dbdbdb,baseline_shared,o
153,-1.6328654968462144,0.37527065896205214,8,2,MAT;QMIX,#dbdbdb,baseline_shared,o
159,2.13676319277382,1.5130825657456515,8,1,QMIX,#F28E2B,baseline_unique,o
170,-1.7858303215637343,1.463153810101887,8,3,MAT;QMIX;QTRAN,#c3c3c3,baseline_shared,o
195,0.2782451220713573,0.33064992186676995,8,2,MAT;QMIX,#dbdbdb,baseline_shared,o
295,0.3076968469785244,0.24093713835998934,8,3,MAT;QMIX;VDN,#c3c3c3,baseline_shared,o
318,2.8219085431588784,1.660917991975123,8,2,MAPPO;QTRAN,#dbdbdb,baseline_shared,o
371,0.6803192893189927,1.566904232503858,8,1,QTRAN,#9467BD,baseline_unique,o
411,-3.4988709906631605,-3.9351788600298616,8,2,MAT;VDN,#dbdbdb,baseline_shared,o
412,-3.323246398716868,-2.6429715213917704,8,1,VDN,#D62728,baseline_unique,o
415,2.524289377076948,1.1679767273915884,8,1,VDN,#D62728,baseline_unique,o
470,-3.5664384586187876,-2.2922595368202168,8,1,VDN,#D62728,baseline_unique,o
486,-1.3993721067886769,-0.10620180737233001,8,2,MAT;VDN,#dbdbdb,baseline_shared,o
573,0.5177320381497741,0.1313311054863219,8,1,MAT,#E377C2,baseline_unique,o
581,-1.6567299876996442,0.36708784956643437,8,1,MAT,#E377C2,baseline_unique,o
644,1.0002854671623633,-2.0786274860634575,8,1,ETG-only,#8DB7E8,calp_unique,^
664,-4.289906655719035,-3.8611015626837335,8,1,ETG-only,#8DB7E8,calp_unique,^
680,0.7700493457611598,-1.5049584718557423,8,2,ETG-only;Synergy,#dbdbdb,calp_shared,^
704,-1.2348518854343218,-3.8043976463878932,8,2,ETG-only;Synergy,#dbdbdb,calp_shared,^
768,0.7325647581251395,-1.744906374264366,8,1,Synergy,#1F5A9D,calp_unique,^
4,-3.820818911939399,-0.45803720801796255,7,1,QMIX,#F28E2B,baseline_unique,o
50,0.3289552886727826,0.9355887877885853,7,2,QMIX;VDN,#dbdbdb,baseline_shared,o
61,6.138216492771811,4.15906697788175,7,2,QMIX;VDN,#dbdbdb,baseline_shared,o
77,-1.9621075879909562,0.5293504015131755,7,2,MAT;QMIX,#dbdbdb,baseline_shared,o
140,0.24091047751450095,-0.23611508282397362,7,1,QMIX,#F28E2B,baseline_unique,o
141,0.2033424654694677,0.5211009097543311,7,2,MAT;QMIX,#dbdbdb,baseline_shared,o
201,-1.5949722951081593,1.7201374767556992,7,2,QMIX;VDN,#dbdbdb,baseline_shared,o
254,-3.849884031711803,-0.13217253002281995,7,3,MAT;QMIX;VDN,#c3c3c3,baseline_shared,o
255,0.230413782310539,1.6532690925642022,7,2,QMIX;VDN,#dbdbdb,baseline_shared,o
282,-1.690427975783513,0.2126106733435849,7,2,QMIX;VDN,#dbdbdb,baseline_shared,o
414,-1.479187609498678,-1.0658568522879903,7,2,MAT;VDN,#dbdbdb,baseline_shared,o
423,-1.986712427171957,0.8160797369034375,7,2,MAT;VDN,#dbdbdb,baseline_shared,o
429,-3.2348467983619966,-2.36923354686057,7,1,VDN,#D62728,baseline_unique,o
434,-3.8285739346502425,-1.6448954379517642,7,1,VDN,#D62728,baseline_unique,o
435,0.7372412399767578,1.4372678044544385,7,2,MAT;VDN,#dbdbdb,baseline_shared,o
551,-0.8860479984852193,-2.1973019468978587,7,1,MAPPO,#17BECF,baseline_unique,o
569,2.639355378348604,0.2597601907550205,7,3,ETG-only;MAPPO;Synergy,#c3c3c3,cross_shared,D
584,0.14580275364283543,0.9957521332407178,7,1,MAT,#E377C2,baseline_unique,o
630,0.8709674996478944,-0.9788356727486688,7,2,ETG-only;RMAPPO,#dbdbdb,cross_shared,D
720,0.6994468908153092,-1.3947785263033963,7,2,ETG-only;Synergy,#dbdbdb,calp_shared,^
726,2.797022636272275,0.7906263957537709,7,2,ETG-only;Synergy,#dbdbdb,calp_shared,^
764,-1.2011459460392802,-2.937860873601865,7,1,Synergy,#1F5A9D,calp_unique,^
766,2.8914453706163354,0.7087087758970898,7,1,Synergy,#1F5A9D,calp_unique,^
72,0.7178974850046818,0.7039373611551492,6,2,MAT;QMIX,#dbdbdb,baseline_shared,o
85,-3.2260117668122117,-2.9998201104014783,6,3,MAT;QMIX;VDN,#c3c3c3,baseline_shared,o
87,-3.472665829959345,-1.0738893553108582,6,2,QMIX;VDN,#dbdbdb,baseline_shared,o
128,-3.8148155430479727,-1.696707404185525,6,2,QMIX;VDN,#dbdbdb,baseline_shared,o
158,-0.14098725305104906,1.5101079346163377,6,2,MAT;QMIX,#dbdbdb,baseline_shared,o
164,-1.5854810819618514,-1.3526092921296717,6,2,QMIX;QTRAN,#dbdbdb,baseline_shared,o
231,-1.4596719128041324,-0.3267221301866711,6,1,QMIX,#F28E2B,baseline_unique,o
237,-1.6580408708167491,0.5716247809792567,6,2,QMIX;VDN,#dbdbdb,baseline_shared,o
240,0.4079033316813368,-0.43800609676385643,6,2,QMIX;VDN,#dbdbdb,baseline_shared,o
243,-3.8682097283108385,-2.284774339694292,6,2,QMIX;VDN,#dbdbdb,baseline_shared,o
262,1.2170409673636868,5.942912692708711,6,2,QMIX;QTRAN,#dbdbdb,baseline_shared,o
308,-1.508692791849958,-0.22784023741256473,6,2,QMIX;VDN,#dbdbdb,baseline_shared,o
340,-1.917106172122119,0.13566065297839705,6,2,QTRAN;VDN,#dbdbdb,baseline_shared,o
351,-3.6950325122275847,-4.057452639873176,6,1,QTRAN,#9467BD,baseline_unique,o
398,-3.9288118737893747,-1.7074350610519995,6,1,VDN,#D62728,baseline_unique,o
421,-3.3090726276872626,-1.1286588666625503,6,1,VDN,#D62728,baseline_unique,o
436,-3.7226328220683405,-3.899741437484419,6,1,VDN,#D62728,baseline_unique,o
455,-3.4737346855885147,-0.7078790641103622,6,2,MAT;VDN,#dbdbdb,baseline_shared,o
466,-1.5418415976817967,-0.05610679472142585,6,1,VDN,#D62728,baseline_unique,o
480,-3.580337722739743,-3.1243555188445615,6,2,MAT;VDN,#dbdbdb,baseline_shared,o
500,-1.8989572365662886,1.1102592154404631,6,1,VDN,#D62728,baseline_unique,o
517,-3.4327580620684897,-1.019177471279725,6,1,VDN,#D62728,baseline_unique,o
576,2.27722602176311,1.3280074066298302,6,1,MAT,#E377C2,baseline_unique,o
582,-1.4072173880915486,-1.6691694967992157,6,1,MAT,#E377C2,baseline_unique,o
585,0.5737857135087209,-0.38809987191397066,6,1,MAT,#E377C2,baseline_unique,o
645,2.972784691081145,-0.5758766368322332,6,1,ETG-only,#8DB7E8,calp_unique,^
648,5.2393855011155495,-0.3758659933080747,6,2,ETG-only;Synergy,#dbdbdb,calp_shared,^
670,1.0476902309592138,-1.1701949406898922,6,2,ETG-only;Synergy,#dbdbdb,calp_shared,^
712,-1.5244455790509144,-3.148033687003863,6,2,ETG-only;Synergy,#dbdbdb,calp_shared,^
713,-1.6620633679904446,-2.3994518718065305,6,2,ETG-only;Synergy,#dbdbdb,calp_shared,^
715,0.5635943715597678,-1.4034288046391596,6,2,ETG-only;Synergy,#dbdbdb,calp_shared,^
729,0.1725203278535655,3.564019489968996,6,2,ETG-only;Synergy,#dbdbdb,calp_shared,^
734,-1.2492696862948893,-2.780432744942267,6,2,ETG-only;Synergy,#dbdbdb,calp_shared,^
770,3.2785383783363695,-2.034118864526888,6,1,Synergy,#1F5A9D,calp_unique,^
66,0.643517127962214,0.7480573053067942,5,1,QMIX,#F28E2B,baseline_unique,o
111,0.6339778422921081,0.8814777701804183,5,1,QMIX,#F28E2B,baseline_unique,o
113,5.08450868939087,1.0211653358320987,5,1,QMIX,#F28E2B,baseline_unique,o
120,0.3401697525547024,-0.372349616733379,5,1,QMIX,#F28E2B,baseline_unique,o
149,1.3305640097900653,4.700637235597419,5,1,QMIX,#F28E2B,baseline_unique,o
152,-3.1514952017156332,-2.6283499948244486,5,1,QMIX,#F28E2B,baseline_unique,o
208,3.800861111111279,3.9357289193796636,5,1,QMIX,#F28E2B,baseline_unique,o
264,5.973439148655606,4.536877319673469,5,2,QMIX;QTRAN,#dbdbdb,baseline_shared,o
268,-1.4997132437205407,-0.46679183983903766,5,3,MAT;QMIX;VDN,#c3c3c3,baseline_shared,o
279,0.24265247786414812,0.7268839624416995,5,2,QMIX;QTRAN,#dbdbdb,baseline_shared,o
322,0.43811079202402237,0.7885383255473498,5,3,MAT;QTRAN;VDN,#c3c3c3,baseline_shared,o
334,0.8428845437373509,1.0250397101442539,5,1,QTRAN,#9467BD,baseline_unique,o
347,-1.9156730110761895,1.21380294207195,5,1,QTRAN,#9467BD,baseline_unique,o
399,-3.8238205718295264,-0.12000186938137433,5,1,VDN,#D62728,baseline_unique,o
413,-3.528439482497723,-0.8550700366026727,5,1,VDN,#D62728,baseline_unique,o
454,-3.3903550365987756,-2.1328262847141044,5,1,VDN,#D62728,baseline_unique,o
476,-3.7935429099222135,-0.5728063538059245,5,1,VDN,#D62728,baseline_unique,o
489,-3.6804798406568344,-0.6950983579035699,5,1,VDN,#D62728,baseline_unique,o
574,-3.1228357004548255,-2.8954727450083038,5,1,MAT,#E377C2,baseline_unique,o
658,0.7637845086880088,-1.5691726280100418,5,2,ETG-only;Synergy,#dbdbdb,calp_shared,^
686,3.2238585996397746,-0.2335268935138502,5,2,ETG-only;Synergy,#dbdbdb,calp_shared,^
691,3.622604324186958,2.2663413696985946,5,2,ETG-only;Synergy,#dbdbdb,calp_shared,^
692,3.6932204116169616,2.5336363381165654,5,1,ETG-only,#8DB7E8,calp_unique,^
30,0.8351286452488547,1.0692433374278458,4,2,QMIX;VDN,#dbdbdb,baseline_shared,o
48,-1.6343623371723457,-0.9828047970862549,4,2,QMIX;VDN,#dbdbdb,baseline_shared,o
64,-1.7559507236999259,0.0447607416816634,4,2,QMIX;VDN,#dbdbdb,baseline_shared,o
90,0.9057544051021741,0.7673555057790082,4,2,QMIX;QTRAN,#dbdbdb,baseline_shared,o
92,3.2844098916960016,2.6722487974961124,4,2,QMIX;QTRAN,#dbdbdb,baseline_shared,o
101,1.085545094460443,3.3223241955976563,4,2,QMIX;VDN,#dbdbdb,baseline_shared,o
103,3.5982186483337943,4.408854505268762,4,1,QMIX,#F28E2B,baseline_unique,o
116,0.6344919206927642,0.10819753468393895,4,1,QMIX,#F28E2B,baseline_unique,o
124,-1.6253655540519028,-0.27900248261344424,4,1,QMIX,#F28E2B,baseline_unique,o
127,0.8300619286583768,0.12201741629903867,4,1,QMIX,#F28E2B,baseline_unique,o
130,-3.473086450141324,0.6516220155026934,4,2,QMIX;VDN,#dbdbdb,baseline_shared,o
154,2.483823457538883,0.8773204176431738,4,1,QMIX,#F28E2B,baseline_unique,o
156,-4.364056128056852,-1.2937315361059198,4,1,QMIX,#F28E2B,baseline_unique,o
161,0.3221846243187212,1.2292358492654094,4,1,QMIX,#F28E2B,baseline_unique,o
162,3.3268185952067246,2.313695661337328,4,1,QMIX,#F28E2B,baseline_unique,o
198,-3.461257884520272,-2.7063151187508514,4,2,MAT;QMIX,#dbdbdb,baseline_shared,o
199,-3.667319432820618,-0.8018537814358466,4,1,QMIX,#F28E2B,baseline_unique,o
202,1.0605874408853744,3.3470661769952863,4,2,QMIX;VDN,#dbdbdb,baseline_shared,o
206,0.6233412380291595,1.1248645106852297,4,2,QMIX;QTRAN,#dbdbdb,baseline_shared,o
220,-1.5796008894482287,-0.3778164982815204,4,2,QMIX;VDN,#dbdbdb,baseline_shared,o
232,-1.5404579530316216,1.156467584757522,4,1,QMIX,#F28E2B,baseline_unique,o
247,0.6101321649130059,1.0482067492839775,4,2,QMIX;VDN,#dbdbdb,baseline_shared,o
252,0.32992338029094753,0.4047645888368242,4,2,MAT;QMIX,#dbdbdb,baseline_shared,o
263,4.109653398195629,5.276881325418385,4,1,QMIX,#F28E2B,baseline_unique,o
283,-1.6021324515615831,1.3755506288957982,4,2,QMIX;QTRAN,#dbdbdb,baseline_shared,o
290,5.920298795633628,2.266873591160691,4,2,QMIX;QTRAN,#dbdbdb,baseline_shared,o
299,0.30710812225083994,0.550509352297876,4,2,MAT;QMIX,#dbdbdb,baseline_shared,o
320,-2.852753651916977,-3.234400153311389,4,1,QTRAN,#9467BD,baseline_unique,o
353,-1.5979470695127258,-1.487316014225539,4,1,QTRAN,#9467BD,baseline_unique,o
362,0.740178730899636,-0.46395798567514873,4,2,MAPPO;QTRAN,#dbdbdb,baseline_shared,o
364,-1.9491516158869757,-0.7650299152197266,4,2,QTRAN;VDN,#dbdbdb,baseline_shared,o
370,-1.6997752332214546,1.2334445646406196,4,1,QTRAN,#9467BD,baseline_unique,o
377,-1.8795231926506528,0.7243025536127458,4,1,QTRAN,#9467BD,baseline_unique,o
380,-2.1204770987529407,0.2617003146675697,4,1,QTRAN,#9467BD,baseline_unique,o
400,0.21917101004920334,1.171073198258682,4,1,VDN,#D62728,baseline_unique,o
404,-3.5394844196451243,-0.7321643927975401,4,1,VDN,#D62728,baseline_unique,o
422,-3.835298312706272,-0.23164731801892174,4,1,VDN,#D62728,baseline_unique,o
431,0.5115686486177851,1.7275148082664538,4,2,MAT;VDN,#dbdbdb,baseline_shared,o
440,-3.6170321178218345,-0.5548215105632901,4,1,VDN,#D62728,baseline_unique,o
443,-3.6189623750367903,-1.0276764404322518,4,1,VDN,#D62728,baseline_unique,o
456,-1.3765933743809466,1.2407072099311072,4,1,VDN,#D62728,baseline_unique,o
465,-3.3938167754268274,-3.445394704956413,4,2,MAT;VDN,#dbdbdb,baseline_shared,o
469,0.5771026927073089,1.6424922366268202,4,1,VDN,#D62728,baseline_unique,o
478,0.373337627149798,2.1126024230176856,4,1,VDN,#D62728,baseline_unique,o
485,0.132328070655045,1.898715759198594,4,2,MAT;VDN,#dbdbdb,baseline_shared,o
499,-3.6214569215868284,-0.8067850068229523,4,2,MAT;VDN,#dbdbdb,baseline_shared,o
571,-3.9598065112330896,-0.46892759440500187,4,1,MAT,#E377C2,baseline_unique,o
600,-3.709049003703954,-0.22764131249674321,4,1,MAT,#E377C2,baseline_unique,o
625,0.9950507711057154,-0.6349529248810216,4,1,RMAPPO,#8C564B,baseline_unique,o
642,0.984877247617476,-0.9422763786613025,4,3,ETG-only;RMAPPO;Synergy,#c3c3c3,cross_shared,D
643,-1.1618495861549458,-2.833111345400791,4,2,ETG-only;Synergy,#dbdbdb,calp_shared,^
647,3.2142095893427256,3.0320705314364225,4,2,ETG-only;Synergy,#dbdbdb,calp_shared,^
659,1.3885235526007376,-1.4110602394270455,4,1,ETG-only,#8DB7E8,calp_unique,^
663,3.183829073847613,0.6247517760566703,4,1,ETG-only,#8DB7E8,calp_unique,^
672,3.5619414013263055,-1.8345343661083655,4,1,ETG-only,#8DB7E8,calp_unique,^
674,3.2169276745995132,-1.9177608344206831,4,2,ETG-only;Synergy,#dbdbdb,calp_shared,^
678,2.7508912481131,1.0030644006208917,4,2,ETG-only;Synergy,#dbdbdb,calp_shared,^
693,3.0591464329584555,-0.8663110743375775,4,1,ETG-only,#8DB7E8,calp_unique,^
698,3.06082427186154,-0.8033639762536356,4,2,ETG-only;Synergy,#dbdbdb,calp_shared,^
700,1.0147309979031933,-1.916794589541393,4,2,ETG-only;Synergy,#dbdbdb,calp_shared,^
725,-1.326735832934929,-3.3869628651114803,4,2,ETG-only;Synergy,#dbdbdb,calp_shared,^
753,3.8321541823451777,2.130709998313996,4,1,ETG-only,#8DB7E8,calp_unique,^
756,1.017775219738915,-2.219849149008369,4,2,ETG-only;Synergy,#dbdbdb,calp_shared,^
777,3.13694675893487,-0.47937681854658826,4,1,Synergy,#1F5A9D,calp_unique,^
783,-1.0380946676467298,-2.890010306104122,4,1,Synergy,#1F5A9D,calp_unique,^
44,-1.883668636771575,0.22309525377042114,3,1,QMIX,#F28E2B,baseline_unique,o
56,-1.7075260270155408,1.1079115899168985,3,2,QMIX;QTRAN,#dbdbdb,baseline_shared,o
65,0.32761480077214594,-0.06504948137932366,3,1,QMIX,#F28E2B,baseline_unique,o
122,0.17535418650124515,1.9425537202584566,3,1,QMIX,#F28E2B,baseline_unique,o
126,0.4905541926488445,-0.25936696563401,3,1,QMIX,#F28E2B,baseline_unique,o
135,0.2596276900626128,0.7630301669463377,3,1,QMIX,#F28E2B,baseline_unique,o
137,0.9704655366320744,4.670903112630246,3,1,QMIX,#F28E2B,baseline_unique,o
163,-1.4814870807295384,1.202666295787754,3,2,QMIX;VDN,#dbdbdb,baseline_shared,o
167,0.19841183806698914,1.3207715414549968,3,2,QMIX;VDN,#dbdbdb,baseline_shared,o
181,-4.2280349582986325,-1.666481900824022,3,1,QMIX,#F28E2B,baseline_unique,o
200,-1.5581921512636059,0.22082468141187622,3,2,QMIX;VDN,#dbdbdb,baseline_shared,o
204,3.648319215520036,4.363101013247631,3,1,QMIX,#F28E2B,baseline_unique,o
209,2.011076092689249,2.6449128369391017,3,2,MAT;QMIX,#dbdbdb,baseline_shared,o
217,-1.9959497354583176,-1.0420012909728364,3,2,MAT;QMIX,#dbdbdb,baseline_shared,o
226,-1.584071445712732,0.37766675210346234,3,2,QMIX;QTRAN,#dbdbdb,baseline_shared,o
259,-1.6085491545992274,1.3204532461841916,3,2,QMIX;QTRAN,#dbdbdb,baseline_shared,o
260,-1.4492635131653926,2.3006283382545853,3,2,QMIX;QTRAN,#dbdbdb,baseline_shared,o
284,-1.7990139357585748,-0.8043303816653941,3,2,QMIX;QTRAN,#dbdbdb,baseline_shared,o
288,0.46315640651439804,2.2542603464136315,3,1,QMIX,#F28E2B,baseline_unique,o
305,0.015059612282541024,1.90543982562885,3,2,MAT;QMIX,#dbdbdb,baseline_shared,o
336,1.2759370726078558,-0.2358899902847688,3,1,QTRAN,#9467BD,baseline_unique,o
338,-1.4283468605438383,-1.7922440360089258,3,1,QTRAN,#9467BD,baseline_unique,o
341,-1.7985295263044794,1.9191847351488895,3,1,QTRAN,#9467BD,baseline_unique,o
348,-1.6943289450043635,2.232254935715548,3,1,QTRAN,#9467BD,baseline_unique,o
356,-2.2204445201672143,0.9529740666188335,3,1,QTRAN,#9467BD,baseline_unique,o
358,0.22724293742320362,2.502993504461205,3,1,QTRAN,#9467BD,baseline_unique,o
381,2.7330620611787153,0.6374841962443382,3,1,QTRAN,#9467BD,baseline_unique,o
390,0.8984581860111247,-0.1369678638556411,3,2,QTRAN;RMAPPO,#dbdbdb,baseline_shared,o
407,-1.7519973736929402,1.2548896367676843,3,1,VDN,#D62728,baseline_unique,o
425,3.2200437319805992,2.4532379682497285,3,1,VDN,#D62728,baseline_unique,o
437,0.5323841564904386,0.1606554990777502,3,1,VDN,#D62728,baseline_unique,o
444,0.644610592868649,0.023827614983716362,3,1,VDN,#D62728,baseline_unique,o
446,-3.770532968315262,-0.6267837085004256,3,1,VDN,#D62728,baseline_unique,o
461,-3.34975075730944,-2.297489251435099,3,1,VDN,#D62728,baseline_unique,o
464,-3.7150790346309033,-1.728983151752457,3,1,VDN,#D62728,baseline_unique,o
471,-1.441184938447363,1.6128582491884311,3,1,VDN,#D62728,baseline_unique,o
477,-3.584485916607716,0.8462450794416111,3,1,VDN,#D62728,baseline_unique,o
490,-1.437343120974317,0.5193404286454456,3,1,VDN,#D62728,baseline_unique,o
495,2.8090247657878407,1.1877440319308856,3,1,VDN,#D62728,baseline_unique,o
511,-1.5853148536764108,1.2327437085247928,3,1,VDN,#D62728,baseline_unique,o
520,-1.4932143383812477,0.10875864107184444,3,1,VDN,#D62728,baseline_unique,o
524,0.579406645448396,0.07202226717693366,3,1,VDN,#D62728,baseline_unique,o
566,0.6341669513153859,3.527185440645539,3,2,ETG-only;MAPPO,#dbdbdb,cross_shared,D
577,3.44672257915398,-1.4409184372118522,3,2,ETG-only;MAT,#dbdbdb,cross_shared,D
593,0.6671312835065405,0.8667074782612739,3,1,MAT,#E377C2,baseline_unique,o
596,0.7525586017113088,0.31151940168587783,3,1,MAT,#E377C2,baseline_unique,o
597,0.31931943116739536,1.731317971654374,3,1,MAT,#E377C2,baseline_unique,o
608,0.5044382169270191,1.1586991209543387,3,1,MAT,#E377C2,baseline_unique,o
626,0.6579361817113768,-0.8573756527597459,3,2,ETG-only;RMAPPO,#dbdbdb,cross_shared,D
629,2.6085501065858314,1.3482888424340285,3,2,ETG-only;RMAPPO,#dbdbdb,cross_shared,D
633,2.3657469517796974,1.7336937319500043,3,1,RMAPPO,#8C564B,baseline_unique,o
634,-4.409545111536909,-3.418167771828038,3,1,RMAPPO,#8C564B,baseline_unique,o
635,-0.01704981793894542,1.3823746353411908,3,1,RMAPPO,#8C564B,baseline_unique,o
637,2.8476074620700995,0.9459910945581819,3,2,RMAPPO;Synergy,#dbdbdb,cross_shared,D
640,2.9148094220207947,0.2905902206303608,3,1,RMAPPO,#8C564B,baseline_unique,o
667,3.113374852497071,-0.4296317640217253,3,1,ETG-only,#8DB7E8,calp_unique,^
673,0.8989043503241989,-1.7956626710708017,3,2,ETG-only;Synergy,#dbdbdb,calp_shared,^
679,2.527530249111277,1.4024230957040855,3,1,ETG-only,#8DB7E8,calp_unique,^
681,0.9530776138270572,-1.5569562280504283,3,1,ETG-only,#8DB7E8,calp_unique,^
683,3.1242531975218837,0.37477359788081793,3,2,ETG-only;Synergy,#dbdbdb,calp_shared,^
699,4.040491496275839,1.6097168592263116,3,2,ETG-only;Synergy,#dbdbdb,calp_shared,^
701,-1.527981830989397,-3.256828152881798,3,2,ETG-only;Synergy,#dbdbdb,calp_shared,^
714,0.7353693010289163,-2.2239034881830744,3,2,ETG-only;Synergy,#dbdbdb,calp_shared,^
717,2.700177524680084,1.0594695918259207,3,1,ETG-only,#8DB7E8,calp_unique,^
722,2.3592904445215876,3.1364985919146364,3,1,ETG-only,#8DB7E8,calp_unique,^
733,-1.3947408165241038,-2.576448200259762,3,2,ETG-only;Synergy,#dbdbdb,calp_shared,^
737,-1.1606847008504122,-3.632502713487837,3,2,ETG-only;Synergy,#dbdbdb,calp_shared,^
769,0.8657345169787327,-1.16235230911065,3,1,Synergy,#1F5A9D,calp_unique,^
776,1.1708571697564003,-1.7435045811013017,3,1,Synergy,#1F5A9D,calp_unique,^
791,0.6343127373515589,-1.6920166927476634,3,1,Synergy,#1F5A9D,calp_unique,^
29,-1.4828807058860463,1.1222257247208638,2,1,QMIX,#F28E2B,baseline_unique,o
62,-3.7061553050558036,-2.601073671920997,2,1,QMIX,#F28E2B,baseline_unique,o
83,0.3266079752735748,1.262943855985978,2,1,QMIX,#F28E2B,baseline_unique,o
109,2.663419526554671,1.1914081474824851,2,1,QMIX,#F28E2B,baseline_unique,o
114,0.5899039638680925,1.2569197851966476,2,1,QMIX,#F28E2B,baseline_unique,o
115,-1.7087834463291767,-0.718029185000231,2,1,QMIX,#F28E2B,baseline_unique,o
134,3.160261582965556,3.035810817060589,2,1,QMIX,#F28E2B,baseline_unique,o
136,0.2356356468317984,1.6660273954935698,2,1,QMIX,#F28E2B,baseline_unique,o
146,3.6122914013336427,3.799462106041836,2,1,QMIX,#F28E2B,baseline_unique,o
160,0.24656223279663336,0.029203960217944427,2,1,QMIX,#F28E2B,baseline_unique,o
165,-1.8422771316591546,-1.1546713803211481,2,1,QMIX,#F28E2B,baseline_unique,o
173,-4.063444191632265,-1.528507368201367,2,2,QMIX;VDN,#dbdbdb,baseline_shared,o
177,0.5155176221791208,1.9441173701155852,2,1,QMIX,#F28E2B,baseline_unique,o
179,2.6468364357485417,0.1453254452021575,2,1,QMIX,#F28E2B,baseline_unique,o
180,-1.8859648914794684,0.11108629140882452,2,1,QMIX,#F28E2B,baseline_unique,o
183,0.2401170832533921,0.379289450178294,2,2,QMIX;QTRAN,#dbdbdb,baseline_shared,o
187,0.37338959642970554,0.6164546709719569,2,1,QMIX,#F28E2B,baseline_unique,o
189,0.719104573055785,4.6102049526887345,2,2,QMIX;VDN,#dbdbdb,baseline_shared,o
203,1.2481318298116422,4.726575939219525,2,1,QMIX,#F28E2B,baseline_unique,o
205,-1.9222260033028715,0.33517631820800725,2,2,QMIX;QTRAN,#dbdbdb,baseline_shared,o
218,-2.2071099491314645,0.8300429558831178,2,1,QMIX,#F28E2B,baseline_unique,o
219,-4.052715225061277,-4.0325939775738044,2,1,QMIX,#F28E2B,baseline_unique,o
234,-3.504924754907393,-2.0097662388247683,2,2,QMIX;VDN,#dbdbdb,baseline_shared,o
236,-1.6647287869182197,-0.8920199231570058,2,1,QMIX,#F28E2B,baseline_unique,o
239,-3.4181185730498638,-3.3837079873405513,2,1,QMIX,#F28E2B,baseline_unique,o
241,0.4600048140294989,1.4237723270311067,2,1,QMIX,#F28E2B,baseline_unique,o
246,-1.6477172209919622,0.5038309113530387,2,1,QMIX,#F28E2B,baseline_unique,o
253,0.3574447792145126,1.131717171466785,2,1,QMIX,#F28E2B,baseline_unique,o
261,-1.5073730482205554,4.813294295042528,2,2,QMIX;QTRAN,#dbdbdb,baseline_shared,o
271,4.868943133730716,-0.2287360999762522,2,1,QMIX,#F28E2B,baseline_unique,o
274,0.6844960114605383,3.1881378390857,2,1,QMIX,#F28E2B,baseline_unique,o
278,-1.7433281436443209,0.42295581690626016,2,1,QMIX,#F28E2B,baseline_unique,o
281,-1.9197212253000853,-0.33228866649710975,2,1,QMIX,#F28E2B,baseline_unique,o
286,2.99985952587169,3.1502247327419926,2,1,QMIX,#F28E2B,baseline_unique,o
289,1.3147136676391713,3.665175749435553,2,2,QMIX;QTRAN,#dbdbdb,baseline_shared,o
297,0.3274399995878356,1.493453730400309,2,2,QMIX;QTRAN,#dbdbdb,baseline_shared,o
300,0.327656513635673,1.7711436057293515,2,2,MAT;QMIX,#dbdbdb,baseline_shared,o
301,0.5294282270937685,-0.48716305697259515,2,2,ETG-only;QMIX,#dbdbdb,cross_shared,D
321,-1.4621587616955634,-0.8542298407509774,2,1,QTRAN,#9467BD,baseline_unique,o
326,2.350614052989411,2.153003271000799,2,1,QTRAN,#9467BD,baseline_unique,o
329,0.9531631450564437,1.2737560876340164,2,1,QTRAN,#9467BD,baseline_unique,o
332,0.06353401768610385,1.9681545558379148,2,1,QTRAN,#9467BD,baseline_unique,o
344,2.5037710777805926,2.0363988095049756,2,1,QTRAN,#9467BD,baseline_unique,o
355,-1.5569594519386696,1.8968419482905496,2,1,QTRAN,#9467BD,baseline_unique,o
365,-1.9163980108718426,0.6330090571574053,2,2,QTRAN;VDN,#dbdbdb,baseline_shared,o
368,0.5374698620488406,0.21457309599688695,2,1,QTRAN,#9467BD,baseline_unique,o
369,2.633556847583266,1.1150752882758275,2,1,QTRAN,#9467BD,baseline_unique,o
373,-1.7045586358226705,1.7387127342892748,2,1,QTRAN,#9467BD,baseline_unique,o
378,-1.8276001386434113,2.1543790504388873,2,1,QTRAN,#9467BD,baseline_unique,o
382,0.09348313849818905,1.8494928739165417,2,1,QTRAN,#9467BD,baseline_unique,o
383,-1.8148726308003242,-0.9887432971266757,2,1,QTRAN,#9467BD,baseline_unique,o
385,1.4631918190378983,5.933392974085733,2,1,QTRAN,#9467BD,baseline_unique,o
387,0.761685372665101,1.4999754098787672,2,1,QTRAN,#9467BD,baseline_unique,o
392,0.7493959120743731,0.024263655964849615,2,1,QTRAN,#9467BD,baseline_unique,o
393,1.013058155233619,0.2932215811295639,2,1,QTRAN,#9467BD,baseline_unique,o
405,-3.528545211000773,0.7176013073589985,2,1,VDN,#D62728,baseline_unique,o
418,0.8679132672325824,-0.1701119058435186,2,1,VDN,#D62728,baseline_unique,o
424,0.15283487200167464,1.8137014171566992,2,1,VDN,#D62728,baseline_unique,o
426,-2.0216464697556304,0.9759725323942797,2,1,VDN,#D62728,baseline_unique,o
430,-1.4913903473402172,1.0848157648679606,2,1,VDN,#D62728,baseline_unique,o
433,-3.8633377109326568,-2.23244393137421,2,1,VDN,#D62728,baseline_unique,o
438,0.8382381035820542,1.1406038795345153,2,1,VDN,#D62728,baseline_unique,o
441,0.3131560413336929,1.559413359354943,2,1,VDN,#D62728,baseline_unique,o
457,-3.4376361717422674,-2.0045490858877932,2,1,VDN,#D62728,baseline_unique,o
458,-3.3526022153925585,-1.0430356087074322,2,1,VDN,#D62728,baseline_unique,o
462,0.42124370424826907,1.5003250701883848,2,1,VDN,#D62728,baseline_unique,o
473,-3.578850701783234,-1.1096634215385945,2,1,VDN,#D62728,baseline_unique,o
474,-1.4131334933276682,0.33653826135754006,2,1,VDN,#D62728,baseline_unique,o
475,-3.6086550368063883,-3.3001169222653126,2,1,VDN,#D62728,baseline_unique,o
487,-1.7649210901862538,1.5604200090408573,2,1,VDN,#D62728,baseline_unique,o
488,0.1813009711381953,1.4447712927283098,2,1,VDN,#D62728,baseline_unique,o
491,-3.940618499659659,-2.854093424281184,2,1,VDN,#D62728,baseline_unique,o
493,-2.051550912684279,-0.5932180145980823,2,1,VDN,#D62728,baseline_unique,o
498,0.4590871251706071,0.9318783371140996,2,1,VDN,#D62728,baseline_unique,o
504,0.4314985146445715,1.7367883331279463,2,1,VDN,#D62728,baseline_unique,o
506,-1.3839710176337061,1.2756270118614055,2,1,VDN,#D62728,baseline_unique,o
507,0.5375958938029578,1.1095833386301706,2,1,VDN,#D62728,baseline_unique,o
509,-1.529522668337081,0.9601279552471966,2,1,VDN,#D62728,baseline_unique,o
510,0.5928640241167722,1.5565626761272378,2,1,VDN,#D62728,baseline_unique,o
512,0.6034732845887489,1.478721315570295,2,1,VDN,#D62728,baseline_unique,o
513,0.08667699172544026,1.4620325280721962,2,1,VDN,#D62728,baseline_unique,o
514,-1.8087924608579538,1.2286990744216868,2,1,VDN,#D62728,baseline_unique,o
518,-1.7020925641132123,0.8216771149595444,2,1,VDN,#D62728,baseline_unique,o
522,2.448644997715119,1.7867344441759692,2,1,VDN,#D62728,baseline_unique,o
523,-3.199929429914769,-2.992840502774071,2,1,VDN,#D62728,baseline_unique,o
529,3.53131911847263,2.2150431371954475,2,1,VDN,#D62728,baseline_unique,o
530,0.6480317813158362,0.6655714482055072,2,2,MAT;VDN,#dbdbdb,baseline_shared,o
533,0.7588998250709655,0.6268188374846572,2,1,VDN,#D62728,baseline_unique,o
565,-3.444724895394404,-4.072430502901254,2,1,MAPPO,#17BECF,baseline_unique,o
568,0.634567503700227,-0.7733205051975397,2,1,MAPPO,#17BECF,baseline_unique,o
586,3.3985956446504284,-1.3928824029162772,2,2,MAT;RMAPPO,#dbdbdb,baseline_shared,o
594,-4.067085590249101,-1.832666697395909,2,1,MAT,#E377C2,baseline_unique,o
595,-1.5447944910837117,-1.3347358722541596,2,1,MAT,#E377C2,baseline_unique,o
599,-3.6812340305683784,-2.10562350117213,2,1,MAT,#E377C2,baseline_unique,o
602,-1.4690604840979844,1.5004027548303247,2,1,MAT,#E377C2,baseline_unique,o
611,0.4618853063528635,0.8767699925611177,2,1,MAT,#E377C2,baseline_unique,o
638,2.170856417515836,1.998451883338557,2,1,RMAPPO,#8C564B,baseline_unique,o
688,3.5016021935656036,-1.9999273147390442,2,2,ETG-only;Synergy,#dbdbdb,calp_shared,^
705,0.7054409957635559,-2.0024488354284613,2,1,ETG-only,#8DB7E8,calp_unique,^
708,3.619670134859348,2.8048099700421187,2,2,ETG-only;Synergy,#dbdbdb,calp_shared,^
709,5.166947990989847,-0.8344624308984815,2,1,ETG-only,#8DB7E8,calp_unique,^
718,0.8247166605583575,-1.6760299260474514,2,1,ETG-only,#8DB7E8,calp_unique,^
721,2.741845422826624,1.7484540564937907,2,2,ETG-only;Synergy,#dbdbdb,calp_shared,^
727,0.5086190782365061,-1.167613598255098,2,1,ETG-only,#8DB7E8,calp_unique,^
728,2.811208393747478,-0.5588441209028749,2,1,ETG-only,#8DB7E8,calp_unique,^
739,0.07521974238995363,4.129920768823334,2,1,ETG-only,#8DB7E8,calp_unique,^
748,2.849283365450457,0.1689523614121156,2,1,ETG-only,#8DB7E8,calp_unique,^
749,3.298820395904821,3.171318058640696,2,1,ETG-only,#8DB7E8,calp_unique,^
750,0.9754330534302472,-1.9545002834393195,2,1,ETG-only,#8DB7E8,calp_unique,^
751,3.367383275269691,2.9951821649041173,2,1,ETG-only,#8DB7E8,calp_unique,^
758,4.274641541098064,1.217046224233151,2,2,ETG-only;Synergy,#dbdbdb,calp_shared,^
773,3.4287999290201343,-2.0614048345732687,2,1,Synergy,#1F5A9D,calp_unique,^
774,0.6349245820968926,-1.019383945608295,2,1,Synergy,#1F5A9D,calp_unique,^
775,3.0066907785695087,-0.19229584825005844,2,1,Synergy,#1F5A9D,calp_unique,^
779,3.049278623135508,0.5108811405094825,2,1,Synergy,#1F5A9D,calp_unique,^
792,1.2174879548830637,-0.7911108228237503,2,1,Synergy,#1F5A9D,calp_unique,^
796,3.378420482720397,-1.646671740535291,2,1,Synergy,#1F5A9D,calp_unique,^
797,-1.3325252805450467,-2.935935012827948,2,1,Synergy,#1F5A9D,calp_unique,^
801,-1.0040907540183643,-2.452995800790722,2,1,Synergy,#1F5A9D,calp_unique,^
804,-1.544254787614621,-2.566495810811563,2,1,Synergy,#1F5A9D,calp_unique,^
806,0.6072415870734018,-0.2855370376540284,2,1,Synergy,#1F5A9D,calp_unique,^
807,3.121453653309651,0.7136896879451213,2,1,Synergy,#1F5A9D,calp_unique,^
808,0.36354502397249683,3.8034819838487537,2,1,Synergy,#1F5A9D,calp_unique,^
812,2.7112940559700878,0.40733538381358764,2,1,Synergy,#1F5A9D,calp_unique,^
813,4.259433621133778,0.8204299249982712,2,1,Synergy,#1F5A9D,calp_unique,^
98,-2.0511337355581025,0.9085344108975115,1,1,QMIX,#F28E2B,baseline_unique,o
100,0.4597710645863307,1.8224333090352483,1,1,QMIX,#F28E2B,baseline_unique,o
123,0.7506546668910224,3.234511545552102,1,1,QMIX,#F28E2B,baseline_unique,o
132,-1.4742538330062707,1.4648836212323693,1,1,QMIX,#F28E2B,baseline_unique,o
133,-1.5957805307139854,2.161291475536967,1,1,QMIX,#F28E2B,baseline_unique,o
171,-0.08715789460363628,1.7222363303231005,1,1,QMIX,#F28E2B,baseline_unique,o
174,-4.054434251459672,-3.487819475415164,1,1,QMIX,#F28E2B,baseline_unique,o
182,-1.3054633860170923,-1.399338000408031,1,1,QMIX,#F28E2B,baseline_unique,o
186,-1.4717507567477588,0.17166784554679648,1,1,QMIX,#F28E2B,baseline_unique,o
190,3.6757855339787104,4.00809354671096,1,1,QMIX,#F28E2B,baseline_unique,o
191,-1.691620992870573,0.47129982210934035,1,1,QMIX,#F28E2B,baseline_unique,o
194,-1.8201700151980444,-0.7689961106230391,1,1,QMIX,#F28E2B,baseline_unique,o
197,-1.7107027132171204,0.6210375139930946,1,1,QMIX,#F28E2B,baseline_unique,o
207,1.1033602858390221,4.635939914824887,1,1,QMIX,#F28E2B,baseline_unique,o
210,-4.1886919482684775,-1.7928571387326504,1,1,QMIX,#F28E2B,baseline_unique,o
212,-3.9159857418499078,-2.166685404630079,1,1,QMIX,#F28E2B,baseline_unique,o
216,-2.057081268646367,1.3437983058411924,1,1,QMIX,#F28E2B,baseline_unique,o
221,0.4423318997318167,-0.12425149102537883,1,1,QMIX,#F28E2B,baseline_unique,o
222,0.45318203468098656,1.5658480371753674,1,1,QMIX,#F28E2B,baseline_unique,o
224,0.26193644278336686,0.628794210900173,1,1,QMIX,#F28E2B,baseline_unique,o
233,3.0411103387158804,2.7545630987423455,1,1,QMIX,#F28E2B,baseline_unique,o
235,-1.4989960933352924,0.5414997132953868,1,1,QMIX,#F28E2B,baseline_unique,o
244,-3.864124335558531,-1.8624813981263661,1,1,QMIX,#F28E2B,baseline_unique,o
245,-1.6080629693164115,-0.2221201056614669,1,1,QMIX,#F28E2B,baseline_unique,o
248,3.1940553843132578,2.755675136305146,1,1,QMIX,#F28E2B,baseline_unique,o
250,0.09623968432217496,1.1025901200531454,1,1,QMIX,#F28E2B,baseline_unique,o
251,2.949873492368931,0.22918221703397404,1,1,QMIX,#F28E2B,baseline_unique,o
258,-1.8241877395690997,-0.747658423789151,1,1,QMIX,#F28E2B,baseline_unique,o
265,-3.739690846954129,-0.2820807792670972,1,1,QMIX,#F28E2B,baseline_unique,o
272,0.4250559063854195,-0.25545470832236217,1,1,QMIX,#F28E2B,baseline_unique,o
273,0.3591514786018203,0.6413683705275317,1,1,QMIX,#F28E2B,baseline_unique,o
277,-1.7456847391044037,-2.2697914221884457,1,1,QMIX,#F28E2B,baseline_unique,o
280,0.3866356921370555,1.919643948063341,1,1,QMIX,#F28E2B,baseline_unique,o
285,-2.002509963067577,0.4530577036538098,1,1,QMIX,#F28E2B,baseline_unique,o
287,1.3310201987080403,4.6484118440633,1,1,QMIX,#F28E2B,baseline_unique,o
291,-2.0420672282879395,0.744112634230772,1,1,QMIX,#F28E2B,baseline_unique,o
293,0.4432191617236196,1.987889754715252,1,1,QMIX,#F28E2B,baseline_unique,o
294,-4.181539669240926,-1.3593456020331005,1,1,QMIX,#F28E2B,baseline_unique,o
302,0.5252642911278894,2.119850447206616,1,1,QMIX,#F28E2B,baseline_unique,o
303,1.23651608676066,3.5162325464010173,1,1,QMIX,#F28E2B,baseline_unique,o
304,2.826214836348384,0.45341353457682315,1,1,QMIX,#F28E2B,baseline_unique,o
306,3.1220489332736525,2.8064512030770667,1,1,QMIX,#F28E2B,baseline_unique,o
345,2.7673306141951857,1.388103739102617,1,1,QTRAN,#9467BD,baseline_unique,o
349,0.12168319649368088,1.7672979349404847,1,1,QTRAN,#9467BD,baseline_unique,o
354,-1.4420334398856602,0.961083720917,1,1,QTRAN,#9467BD,baseline_unique,o
357,-1.7824176198124329,2.3163336807405117,1,1,QTRAN,#9467BD,baseline_unique,o
359,0.7948477561103354,0.7663450459202904,1,1,QTRAN,#9467BD,baseline_unique,o
360,0.8513531184652672,3.612799657287273,1,1,QTRAN,#9467BD,baseline_unique,o
361,-1.4283659919449008,-0.9260458145127908,1,1,QTRAN,#9467BD,baseline_unique,o
363,1.0197941567798212,0.33312698178446704,1,1,QTRAN,#9467BD,baseline_unique,o
367,-1.398955574890826,-1.0591915869984838,1,1,QTRAN,#9467BD,baseline_unique,o
372,-1.692143047404576,1.6238915236468097,1,1,QTRAN,#9467BD,baseline_unique,o
374,1.1232000102676722,3.820997617726853,1,1,QTRAN,#9467BD,baseline_unique,o
375,0.5081385580357904,0.06357412511539648,1,1,QTRAN,#9467BD,baseline_unique,o
376,0.7223222783686684,1.5931790823655168,1,1,QTRAN,#9467BD,baseline_unique,o
379,-2.2430771653187853,1.0513841072076597,1,1,QTRAN,#9467BD,baseline_unique,o
384,4.648751538799004,-4.010363234973388,1,1,QTRAN,#9467BD,baseline_unique,o
386,0.6543657170222976,6.593246617393302,1,1,QTRAN,#9467BD,baseline_unique,o
388,1.062891681359992,3.0517036292102437,1,1,QTRAN,#9467BD,baseline_unique,o
391,-1.1859953212660739,-1.8372131223372639,1,1,QTRAN,#9467BD,baseline_unique,o
394,-1.514798046703108,-1.1935904985209365,1,1,QTRAN,#9467BD,baseline_unique,o
395,-1.5709319941778703,0.11991804599862194,1,1,QTRAN,#9467BD,baseline_unique,o
396,-1.8845389821624463,0.39604850478499104,1,1,QTRAN,#9467BD,baseline_unique,o
419,0.9421440095427023,0.5473094094048483,1,1,VDN,#D62728,baseline_unique,o
439,-4.1421868772449475,-3.334907570246555,1,1,VDN,#D62728,baseline_unique,o
445,0.40272898245949035,1.2768438022720898,1,1,VDN,#D62728,baseline_unique,o
447,1.1222473156308361,0.06498064192669477,1,1,VDN,#D62728,baseline_unique,o
448,3.588760228893279,2.070276817663988,1,1,VDN,#D62728,baseline_unique,o
451,-3.2201325239027754,0.5417468637230091,1,1,VDN,#D62728,baseline_unique,o
452,-3.341946590003521,0.5539626722677111,1,1,VDN,#D62728,baseline_unique,o
453,-1.5489099221842235,0.6091302667781113,1,1,VDN,#D62728,baseline_unique,o
459,-1.5434318395385052,1.1172258086515918,1,1,VDN,#D62728,baseline_unique,o
460,-1.6639323978310452,1.9454614808101964,1,1,VDN,#D62728,baseline_unique,o
463,-3.7659465090058326,-2.3010681880336517,1,1,VDN,#D62728,baseline_unique,o
467,0.6611168614132467,1.6319501133826317,1,1,VDN,#D62728,baseline_unique,o
468,-1.6515175482540274,0.8648779184756151,1,1,VDN,#D62728,baseline_unique,o
472,-3.5727850272681567,-1.9229505227023984,1,1,VDN,#D62728,baseline_unique,o
479,1.0666045748235078,3.105654992599522,1,1,VDN,#D62728,baseline_unique,o
482,-2.025540426562182,0.6640006463512499,1,1,VDN,#D62728,baseline_unique,o
494,-2.284026927984291,0.5336093907878405,1,1,VDN,#D62728,baseline_unique,o
496,2.453107139680959,1.3766174139829794,1,1,VDN,#D62728,baseline_unique,o
497,-3.71590829611271,-1.852254683133117,1,1,VDN,#D62728,baseline_unique,o
501,2.1525962387931314,2.1148202273803403,1,1,VDN,#D62728,baseline_unique,o
502,-3.899594923039031,-1.9275933540370482,1,1,VDN,#D62728,baseline_unique,o
503,0.9444553994102035,3.1254324213919533,1,1,VDN,#D62728,baseline_unique,o
508,3.5029009179176547,2.3523973262422446,1,1,VDN,#D62728,baseline_unique,o
515,0.20840065600549337,1.3673516965584467,1,1,VDN,#D62728,baseline_unique,o
516,-1.5440000178093811,1.0535479335537006,1,1,VDN,#D62728,baseline_unique,o
519,0.918180465028477,0.8927277224033311,1,1,VDN,#D62728,baseline_unique,o
521,-1.5713249886116354,0.28599410268619957,1,1,VDN,#D62728,baseline_unique,o
525,0.6222597538302592,1.312734426806063,1,1,VDN,#D62728,baseline_unique,o
526,-3.50140781717273,-0.16499418438987007,1,1,VDN,#D62728,baseline_unique,o
527,-1.5744328934953342,0.8025893618681165,1,1,VDN,#D62728,baseline_unique,o
528,0.08176306919477548,1.7535984268617542,1,1,VDN,#D62728,baseline_unique,o
534,-3.775777968096507,0.237571437990889,1,1,VDN,#D62728,baseline_unique,o
535,2.3804129360853405,0.78349428684095,1,1,VDN,#D62728,baseline_unique,o
536,-1.5780044093866776,0.17803963573652387,1,1,VDN,#D62728,baseline_unique,o
537,-1.7291997926072924,0.3877935857799277,1,1,VDN,#D62728,baseline_unique,o
550,-3.8121761643851473,-3.657497362816,1,1,MAPPO,#17BECF,baseline_unique,o
556,2.4054609230386035,0.6852725541432835,1,1,MAPPO,#17BECF,baseline_unique,o
561,2.472301255355763,1.5155317030019928,1,1,MAPPO,#17BECF,baseline_unique,o
580,0.048062939854330765,1.8720590117011515,1,1,MAT,#E377C2,baseline_unique,o
587,2.252920577993904,1.913629107076599,1,1,MAT,#E377C2,baseline_unique,o
588,-3.4742305899520387,-3.8787062366723495,1,1,MAT,#E377C2,baseline_unique,o
590,-1.568166206074444,-1.8027052696055716,1,1,MAT,#E377C2,baseline_unique,o
591,1.0061545135826075,3.2191347179489402,1,1,MAT,#E377C2,baseline_unique,o
592,0.3894006820751166,-0.06706726023234423,1,1,MAT,#E377C2,baseline_unique,o
598,-2.1847572287324653,1.5028739545322034,1,1,MAT,#E377C2,baseline_unique,o
601,-3.418588385539867,1.3976052456634627,1,1,MAT,#E377C2,baseline_unique,o
603,0.5500461959643164,-0.45140567950976296,1,1,MAT,#E377C2,baseline_unique,o
604,-3.3325129123585295,-2.94969125879702,1,1,MAT,#E377C2,baseline_unique,o
605,-3.2109989187542403,-2.56062224646062,1,1,MAT,#E377C2,baseline_unique,o
606,-1.2283051870774047,-1.3371904379276596,1,1,MAT,#E377C2,baseline_unique,o
607,-3.2160776394874038,-3.319028643007808,1,1,MAT,#E377C2,baseline_unique,o
609,-1.9080258091225484,1.1642900842008066,1,1,MAT,#E377C2,baseline_unique,o
610,-2.2268438719846775,1.3743006310141779,1,1,MAT,#E377C2,baseline_unique,o
612,0.6467293363000196,1.6440162717085434,1,1,MAT,#E377C2,baseline_unique,o
618,-3.232685196363604,-4.389127464248712,1,1,RMAPPO,#8C564B,baseline_unique,o
636,1.1041180475171635,-0.20087625030063994,1,1,RMAPPO,#8C564B,baseline_unique,o
639,2.6803541560401967,0.0787113441907507,1,1,RMAPPO,#8C564B,baseline_unique,o
641,1.8950942494532435,2.8612073196245302,1,1,RMAPPO,#8C564B,baseline_unique,o
665,0.4233598726718239,-1.5102550387164617,1,1,ETG-only,#8DB7E8,calp_unique,^
666,0.35171785017741886,-0.6683328466589624,1,1,ETG-only,#8DB7E8,calp_unique,^
669,0.3306467761084811,3.5323094480633417,1,1,ETG-only,#8DB7E8,calp_unique,^
671,2.5900416458479376,0.1574278664097997,1,1,ETG-only,#8DB7E8,calp_unique,^
695,1.347857532145799,-1.5797530487723948,1,1,ETG-only,#8DB7E8,calp_unique,^
702,1.3186342021733182,-1.477595493048694,1,1,ETG-only,#8DB7E8,calp_unique,^
716,2.859607354856078,-0.33677076126690453,1,1,ETG-only,#8DB7E8,calp_unique,^
719,2.6382325207604316,0.18042117658810183,1,1,ETG-only,#8DB7E8,calp_unique,^
723,-1.5763861405384103,-2.549300977657501,1,1,ETG-only,#8DB7E8,calp_unique,^
724,2.1726177376497535,2.106074780163205,1,1,ETG-only,#8DB7E8,calp_unique,^
730,0.14693717702626488,3.694181455325392,1,1,ETG-only,#8DB7E8,calp_unique,^
731,0.4391893092798701,-1.3989416669445365,1,1,ETG-only,#8DB7E8,calp_unique,^
732,-1.3254972013578428,-3.2165290899362193,1,1,ETG-only,#8DB7E8,calp_unique,^
736,1.4650099165592567,-1.191021342946405,1,1,ETG-only,#8DB7E8,calp_unique,^
738,1.0088001783164708,-1.3329203055583654,1,1,ETG-only,#8DB7E8,calp_unique,^
740,-3.213756219197068,-4.19004853117096,1,1,ETG-only,#8DB7E8,calp_unique,^
741,-3.0264280559610075,-3.8487313899007796,1,1,ETG-only,#8DB7E8,calp_unique,^
742,-1.132837761303186,-2.890041125091447,1,1,ETG-only,#8DB7E8,calp_unique,^
743,3.559964150311158,-1.9368815976400677,1,1,ETG-only,#8DB7E8,calp_unique,^
744,-0.43537693050165915,1.9047526398133698,1,1,ETG-only,#8DB7E8,calp_unique,^
746,3.038424229542359,0.8819735126226116,1,1,ETG-only,#8DB7E8,calp_unique,^
747,1.093245121154226,-0.6206201252685153,1,1,ETG-only,#8DB7E8,calp_unique,^
752,1.1809748300837257,-1.510345745743475,1,1,ETG-only,#8DB7E8,calp_unique,^
754,3.0697289518888105,-0.07847710648493962,1,1,ETG-only,#8DB7E8,calp_unique,^
755,-1.3986857083491624,-2.7851815475509576,1,1,ETG-only,#8DB7E8,calp_unique,^
757,-0.5626846345599535,1.8873060722903632,1,1,ETG-only,#8DB7E8,calp_unique,^
759,0.8632838844600067,-1.217265388144148,1,1,ETG-only,#8DB7E8,calp_unique,^
760,1.1447014040823458,-0.7999892585432476,1,1,ETG-only,#8DB7E8,calp_unique,^
761,3.0792932059580522,-0.2659923754175596,1,1,ETG-only,#8DB7E8,calp_unique,^
763,-1.3111050090353065,-3.545594957936714,1,1,Synergy,#1F5A9D,calp_unique,^
771,-1.4096149310625288,-3.2283311363347247,1,1,Synergy,#1F5A9D,calp_unique,^
772,2.6865269768801863,1.1924973803700167,1,1,Synergy,#1F5A9D,calp_unique,^
780,3.238846647319101,0.22604623129187493,1,1,Synergy,#1F5A9D,calp_unique,^
781,3.23053588852241,-0.8023905349082107,1,1,Synergy,#1F5A9D,calp_unique,^
782,1.225506107085262,-1.6810706563788285,1,1,Synergy,#1F5A9D,calp_unique,^
784,0.7897899900297871,-1.6961977743834586,1,1,Synergy,#1F5A9D,calp_unique,^
785,3.157801075566275,-0.7726148030564208,1,1,Synergy,#1F5A9D,calp_unique,^
786,-0.8049127617793522,-3.2819593498978237,1,1,Synergy,#1F5A9D,calp_unique,^
787,4.034354930720484,1.7577783258939452,1,1,Synergy,#1F5A9D,calp_unique,^
788,3.320617730669317,-0.4005113991508228,1,1,Synergy,#1F5A9D,calp_unique,^
789,3.9508241745308488,1.891707570295389,1,1,Synergy,#1F5A9D,calp_unique,^
790,-1.152539862724587,-2.4190237543074087,1,1,Synergy,#1F5A9D,calp_unique,^
793,1.196643789487454,-1.2292042139257204,1,1,Synergy,#1F5A9D,calp_unique,^
794,1.0479429192322196,-0.5788263296886905,1,1,Synergy,#1F5A9D,calp_unique,^
795,0.34193002658568566,-1.1069109919693692,1,1,Synergy,#1F5A9D,calp_unique,^
798,1.2730555805003805,-1.5501385858917192,1,1,Synergy,#1F5A9D,calp_unique,^
799,3.7003616301055136,-2.043865328803144,1,1,Synergy,#1F5A9D,calp_unique,^
800,1.1524433441593367,-0.954996406093891,1,1,Synergy,#1F5A9D,calp_unique,^
802,-1.07237915248689,-2.931692655335864,1,1,Synergy,#1F5A9D,calp_unique,^
803,1.3142688275752277,-1.9121337099559603,1,1,Synergy,#1F5A9D,calp_unique,^
805,0.5553419810565038,-0.8409477097613187,1,1,Synergy,#1F5A9D,calp_unique,^
809,0.48220036349363116,-1.401323999028294,1,1,Synergy,#1F5A9D,calp_unique,^
810,0.605982899642559,-0.9328115654502381,1,1,Synergy,#1F5A9D,calp_unique,^
811,0.9996563400954881,-0.7045853513782614,1,1,Synergy,#1F5A9D,calp_unique,^
814,5.231753195974195,-1.0018933814632123,1,1,Synergy,#1F5A9D,calp_unique,^
