map_key,parameter,metric,pearson,spearman,n
sce-1,beam_width,objective,0.032552412814437146,0.061030426940546625,200
sce-1,beam_width,avg_score,0.008641808829489001,0.006059806017002974,200
sce-1,beam_width,win_rate,0.02343361003512355,0.06744931892846638,200
sce-1,beam_width,stability,-0.10478735155189253,-0.11659222674994864,200
sce-1,beam_width,score_std,-0.09912877635761484,-0.08874813652756908,200
sce-1,lookahead_steps,objective,-0.006384055416049185,0.011706164565685299,200
sce-1,lookahead_steps,avg_score,0.013659930785372908,0.03792008587155977,200
sce-1,lookahead_steps,win_rate,-0.016670007137342846,-0.039585776777467836,200
sce-1,lookahead_steps,stability,0.08896662653628626,0.07045751642980083,200
sce-1,lookahead_steps,score_std,0.10704831890537546,0.04887512515279511,200
sce-1,min_visits,objective,0.4208318663715652,-0.01198746884866649,200
sce-1,min_visits,avg_score,0.4675651775175073,0.025177109238202034,200
sce-1,min_visits,win_rate,0.41966929963156396,-0.1099545640558397,200
sce-1,min_visits,stability,-0.042771914496480934,0.018408904029509777,200
sce-1,min_visits,score_std,-0.08853589270471467,0.1493706387195569,200
sce-1,max_state_revisits,objective,-0.03012875634095891,-0.08019088736461022,200
sce-1,max_state_revisits,avg_score,-0.010548996462320184,-0.07150631100539288,200
sce-1,max_state_revisits,win_rate,-0.02496571518639157,-0.1930852517319808,200
sce-1,max_state_revisits,stability,0.06841860268562415,0.04418215304754145,200
sce-1,max_state_revisits,score_std,0.10280552853004701,0.18095111916918055,200
sce-1,min_cum_prob,objective,0.05381718097114758,0.06368409210230257,200
sce-1,min_cum_prob,avg_score,0.03549627174808437,0.05291013227723923,200
sce-1,min_cum_prob,win_rate,0.041099880012891166,0.1360830060973844,200
sce-1,min_cum_prob,stability,-0.11107265765457781,-0.09119027975699394,200
sce-1,min_cum_prob,score_std,-0.09794101653534314,-0.08448811220280508,200
sce-1,discount_factor,objective,0.14498730735814805,0.07326033150828772,200
sce-1,discount_factor,avg_score,0.15489215621839683,0.08605274812809931,200
sce-1,discount_factor,win_rate,0.14552273332874063,0.012378221171725079,200
sce-1,discount_factor,stability,0.011517138353141618,0.021930548263706596,200
sce-1,discount_factor,score_std,-0.06504407363579447,0.013087827195679894,200
sce-1,backup_enabled,objective,0.09292821306321708,0.11197337480491668,200
sce-1,backup_enabled,avg_score,0.0861737234154638,0.13417921612255004,200
sce-1,backup_enabled,win_rate,0.08608089358039947,0.1051072899939352,200
sce-1,backup_enabled,stability,-0.040202145480414175,-0.03283607404616754,200
sce-1,backup_enabled,score_std,-0.09606186584011758,-0.08126337749555133,200
sce-1,backup_score_threshold,objective,0.07221342444416932,0.030307095023815435,168
sce-1,backup_score_threshold,avg_score,0.06338217182522944,-0.020749300690234444,168
sce-1,backup_score_threshold,win_rate,0.0793712587309699,-0.020866065371009813,168
sce-1,backup_score_threshold,stability,-0.08261957619306477,-0.07281548483759448,168
sce-1,backup_score_threshold,score_std,-0.005600223069907296,0.1094193692074853,168
sce-1,backup_distance_threshold,objective,-0.07317944475046492,0.08895733469662535,168
sce-1,backup_distance_threshold,avg_score,-0.08983566238359768,0.08662013670471659,168
sce-1,backup_distance_threshold,win_rate,-0.1032637666793799,0.07032622296009708,168
sce-1,backup_distance_threshold,stability,-0.04988199583794393,-0.08845116191960965,168
sce-1,backup_distance_threshold,score_std,-0.0004373726366414002,-0.07174999114197642,168
sce-1,masked_count,objective,-0.08659560712508933,-0.15610161386567414,200
sce-1,masked_count,avg_score,-0.06737457834626923,-0.1393123013055418,200
sce-1,masked_count,win_rate,-0.07547271159083627,-0.170096144121946,200
sce-1,masked_count,stability,0.08606989028887499,0.06264672687664455,200
sce-1,masked_count,score_std,0.11678607171258781,0.1388893282753966,200
sce-1m,beam_width,objective,0.0851584079495489,0.00563122679075723,200
sce-1m,beam_width,avg_score,0.10769348508902712,0.02506402559931009,200
sce-1m,beam_width,win_rate,0.11039449490808556,0.028378865682062413,200
sce-1m,beam_width,stability,0.03717152781160363,0.08242466882174064,200
sce-1m,beam_width,score_std,-0.14517316026091426,-0.05753527714091528,200
sce-1m,lookahead_steps,objective,-0.2144451308613484,-0.039943700934534754,200
sce-1m,lookahead_steps,avg_score,-0.25858451159147927,-0.06278698411349441,200
sce-1m,lookahead_steps,win_rate,-0.2528448427758845,-0.05604766277079585,200
sce-1m,lookahead_steps,stability,-0.08132568338068141,-0.06854875200479772,200
sce-1m,lookahead_steps,score_std,0.1602135479462874,-0.006975983908402945,200
sce-1m,min_visits,objective,0.4146080250111398,0.21294684111777903,200
sce-1m,min_visits,avg_score,0.46379227884606045,0.23552140229418148,200
sce-1m,min_visits,win_rate,0.4533639839669457,0.24545518978737424,200
sce-1m,min_visits,stability,-0.03423334046915457,0.034848364689120837,200
sce-1m,min_visits,score_std,-0.2925136983485436,-0.20328770317454412,200
sce-1m,max_state_revisits,objective,0.18671197388226576,0.219564047318074,200
sce-1m,max_state_revisits,avg_score,0.16903581236074502,0.21934570018155322,200
sce-1m,max_state_revisits,win_rate,0.18073615904778487,0.2187733947258164,200
sce-1m,max_state_revisits,stability,0.01563658685843669,0.03384250045704408,200
sce-1m,max_state_revisits,score_std,-0.21128788464502804,-0.1417687659401824,200
sce-1m,min_cum_prob,objective,-0.15901509656771226,-0.2817235430885772,200
sce-1m,min_cum_prob,avg_score,-0.12975098223991838,-0.26788599852188094,200
sce-1m,min_cum_prob,win_rate,-0.14434104252083432,-0.25506429825119054,200
sce-1m,min_cum_prob,stability,0.074735470493812,0.06337958448961224,200
sce-1m,min_cum_prob,score_std,0.27900920493461046,0.22648016200405013,200
sce-1m,discount_factor,objective,-0.026166249483666162,-0.023868596714917877,200
sce-1m,discount_factor,avg_score,-0.006554402510097068,-0.007180687595467975,200
sce-1m,discount_factor,win_rate,0.014488631306342944,0.008000573024081517,200
sce-1m,discount_factor,stability,0.12463622660381424,0.0983049576239406,200
sce-1m,discount_factor,score_std,-0.04702543792530192,-0.027392184804620117,200
sce-1m,backup_enabled,objective,-0.27548014106218016,-0.24133542923298357,200
sce-1m,backup_enabled,avg_score,-0.25346168581986067,-0.21694231950724208,200
sce-1m,backup_enabled,win_rate,-0.25825452488352796,-0.24667977880594152,200
sce-1m,backup_enabled,stability,0.13078085799392308,0.12153375084579676,200
sce-1m,backup_enabled,score_std,0.22602620177479826,0.20582794383148,200
sce-1m,backup_score_threshold,objective,0.2891485566337238,0.16541353383458643,20
sce-1m,backup_score_threshold,avg_score,0.29562501037744104,0.1413533834586466,20
sce-1m,backup_score_threshold,win_rate,0.3197599569935916,0.19248120300751878,20
sce-1m,backup_score_threshold,stability,-0.10494685601606053,-0.09774436090225563,20
sce-1m,backup_score_threshold,score_std,-0.262969989529149,-0.24511278195488717,20
sce-1m,backup_distance_threshold,objective,-0.26243171166196616,-0.12180451127819547,20
sce-1m,backup_distance_threshold,avg_score,-0.24574088568185204,-0.08571428571428572,20
sce-1m,backup_distance_threshold,win_rate,-0.3721265219780852,-0.2601503759398496,20
sce-1m,backup_distance_threshold,stability,0.06830176012311637,0.0706766917293233,20
sce-1m,backup_distance_threshold,score_std,0.1751754385563287,0.0706766917293233,20
sce-1m,masked_count,objective,0.2422255641593633,0.24383201902885926,200
sce-1m,masked_count,avg_score,0.22532527847387923,0.23438991368148293,200
sce-1m,masked_count,win_rate,0.2296909902775673,0.23237788562146708,200
sce-1m,masked_count,stability,-0.03525498279608707,-0.03174320761622574,200
sce-1m,masked_count,score_std,-0.22703039542515205,-0.2126932607283673,200
sce-2,beam_width,objective,0.29266337151658517,0.09329641869903885,200
sce-2,beam_width,avg_score,0.31111635037696944,0.06958865355027422,200
sce-2,beam_width,win_rate,0.1671455308326887,0.11161099862359747,200
sce-2,beam_width,stability,-0.023519041487481882,0.0037529218930035233,200
sce-2,beam_width,score_std,-0.03434845886406049,-0.02629658670164064,200
sce-2,lookahead_steps,objective,-0.029681834760824838,0.067382924474748,200
sce-2,lookahead_steps,avg_score,-0.05846810826265969,0.06658262663266921,200
sce-2,lookahead_steps,win_rate,-0.02637608195370046,0.11851271354403632,200
sce-2,lookahead_steps,stability,-0.08642505807036029,-0.07834119065877089,200
sce-2,lookahead_steps,score_std,-0.1847262545659842,-0.16566834199819808,200
sce-2,min_visits,objective,0.14076942019703145,-0.10301065251994686,200
sce-2,min_visits,avg_score,0.13353609105536535,-0.1091330036777506,200
sce-2,min_visits,win_rate,0.3277963530895634,0.10966060340216278,200
sce-2,min_visits,stability,-0.04921749336301254,-0.022368119526867722,200
sce-2,min_visits,score_std,-0.05639212345027407,0.094654370780236,200
sce-2,max_state_revisits,objective,-0.05663278407387001,0.10698175370473274,200
sce-2,max_state_revisits,avg_score,-0.07293254974146537,0.11280441370668255,200
sce-2,max_state_revisits,win_rate,-0.1231969211927642,0.020358921458202242,200
sce-2,max_state_revisits,stability,-0.0518529000334242,-0.0697330850089455,200
sce-2,max_state_revisits,score_std,-0.1047472056961894,-0.15408866104101052,200
sce-2,min_cum_prob,objective,-0.12943125704561317,-0.014007350183754595,200
sce-2,min_cum_prob,avg_score,-0.13300133911611126,-0.039156243589683844,200
sce-2,min_cum_prob,win_rate,0.019875102802904734,0.19722737719365663,200
sce-2,min_cum_prob,stability,0.037120751876367056,-0.013074326858171456,200
sce-2,min_cum_prob,score_std,0.03341899793835596,-0.10487212180304509,200
sce-2,discount_factor,objective,-0.024299253927527128,0.02287257181429536,200
sce-2,discount_factor,avg_score,-0.02805377099214487,0.0323333204580089,200
sce-2,discount_factor,win_rate,-0.008146662906782051,0.05806145492559057,200
sce-2,discount_factor,stability,-0.004261842252933911,-0.05053926348158704,200
sce-2,discount_factor,score_std,-0.05614993770545953,-0.07063976599414987,200
sce-2,backup_enabled,objective,-0.1294071941782646,-0.08079870047475246,200
sce-2,backup_enabled,avg_score,-0.1306023640749771,-0.1185539976668771,200
sce-2,backup_enabled,win_rate,-0.1505991413740288,-0.09701031212514434,200
sce-2,backup_enabled,stability,0.035656516572906014,0.017586322934382954,200
sce-2,backup_enabled,score_std,0.117481163225681,0.09752415445430548,200
sce-2,backup_score_threshold,objective,0.34992468738090393,0.14384236453201968,29
sce-2,backup_score_threshold,avg_score,0.39259730763283385,0.22167487684729056,29
sce-2,backup_score_threshold,win_rate,0.29953768983939383,0.1087955012316699,29
sce-2,backup_score_threshold,stability,0.00019598111286175046,0.08029556650246304,29
sce-2,backup_score_threshold,score_std,-0.054380295420263076,0.015270935960591127,29
sce-2,backup_distance_threshold,objective,-0.3095583428350274,-0.31674876847290634,29
sce-2,backup_distance_threshold,avg_score,-0.30031510322441857,-0.38325123152709356,29
sce-2,backup_distance_threshold,win_rate,-0.173375551201593,-0.16027434815592345,29
sce-2,backup_distance_threshold,stability,0.2897572174626474,0.10541871921182264,29
sce-2,backup_distance_threshold,score_std,0.15315094974128013,0.13497536945812805,29
sce-2,masked_count,objective,0.12039890334986786,0.08046908184797398,200
sce-2,masked_count,avg_score,0.1291139663854509,0.11708400604512889,200
sce-2,masked_count,win_rate,-0.00025645867664761635,0.05769852583200596,200
sce-2,masked_count,stability,-0.022122349242107504,0.023182614357664832,200
sce-2,masked_count,score_std,-0.07461289797274169,-0.08050136318883407,200
sce-2m,beam_width,objective,0.0621719638059017,0.10223987267616215,200
sce-2m,beam_width,avg_score,0.026443176823659546,0.10091965485211643,200
sce-2m,beam_width,win_rate,-0.01058461589256569,0.1336517989870418,200
sce-2m,beam_width,stability,-0.09966090611670707,-0.09921548164863946,200
sce-2m,beam_width,score_std,-0.16220101557217234,-0.13798131603262428,200
sce-2m,lookahead_steps,objective,-0.19432371603716767,-0.2429020010490111,200
sce-2m,lookahead_steps,avg_score,-0.1628777601222589,-0.2554634939213794,200
sce-2m,lookahead_steps,win_rate,-0.11963630962972845,-0.18551596783729984,200
sce-2m,lookahead_steps,stability,0.18718760523951375,0.19404043068327229,200
sce-2m,lookahead_steps,score_std,0.19816556047743092,0.21050120635494363,200
sce-2m,min_visits,objective,0.3243008645688113,0.1990644820136551,200
sce-2m,min_visits,avg_score,0.31610984572557727,0.2095191745222629,200
sce-2m,min_visits,win_rate,0.3254138701200801,0.1726552815093709,200
sce-2m,min_visits,stability,-0.1104771010408979,-0.11734413352233317,200
sce-2m,min_visits,score_std,-0.32871397907194555,-0.22121250236863224,200
sce-2m,max_state_revisits,objective,0.053056013227593,0.14176649460184282,200
sce-2m,max_state_revisits,avg_score,0.0207008039716192,0.13981625675204157,200
sce-2m,max_state_revisits,win_rate,-0.046657935447510276,0.05112042823890093,200
sce-2m,max_state_revisits,stability,-0.11934731917245639,-0.1271580013333759,200
sce-2m,max_state_revisits,score_std,-0.09241360487274819,-0.12183805585733244,200
sce-2m,min_cum_prob,objective,-0.12676806062197507,0.05708169844810214,200
sce-2m,min_cum_prob,avg_score,-0.15975234298519247,0.05872657827689443,200
sce-2m,min_cum_prob,win_rate,-0.1443024225257458,0.06499484090672317,200
sce-2m,min_cum_prob,stability,0.11039795320775819,-0.06202805070126754,200
sce-2m,min_cum_prob,score_std,0.05964864314213353,-0.10417010425260632,200
sce-2m,discount_factor,objective,-0.1784067081248851,-0.14370364648003953,200
sce-2m,discount_factor,avg_score,-0.1332707805838155,-0.129385977248366,200
sce-2m,discount_factor,win_rate,-0.07757128856581724,-0.14947801888455842,200
sce-2m,discount_factor,stability,0.24524837056651774,0.17375534388359715,200
sce-2m,discount_factor,score_std,0.23645329102966153,0.13569789244731117,200
sce-2m,backup_enabled,objective,-0.06740953397562231,-0.13748958984122958,200
sce-2m,backup_enabled,avg_score,-0.03211306580131578,-0.12744757681873123,200
sce-2m,backup_enabled,win_rate,0.008938076090464053,-0.10192781064421942,200
sce-2m,backup_enabled,stability,0.13560184776947612,0.1909494876452909,200
sce-2m,backup_enabled,score_std,0.13667285135068133,0.15846001565614626,200
sce-2m,backup_score_threshold,objective,0.41354529842177157,0.3385964912280702,19
sce-2m,backup_score_threshold,avg_score,0.4408314277509018,0.3350877192982456,19
sce-2m,backup_score_threshold,win_rate,0.3644320887496522,0.24517032075185022,19
sce-2m,backup_score_threshold,stability,-0.19569003700373203,-0.26842105263157895,19
sce-2m,backup_score_threshold,score_std,-0.3261460713964039,-0.38596491228070173,19
sce-2m,backup_distance_threshold,objective,0.037733709387619,0.08771929824561404,19
sce-2m,backup_distance_threshold,avg_score,-0.038566543151775164,0.021052631578947368,19
sce-2m,backup_distance_threshold,win_rate,0.11611931949560902,0.2907410123414135,19
sce-2m,backup_distance_threshold,stability,-0.15765990175397315,-0.06315789473684211,19
sce-2m,backup_distance_threshold,score_std,-0.18190993435002834,-0.02982456140350877,19
sce-2m,masked_count,objective,0.06549682153694872,0.1004766084112428,200
sce-2m,masked_count,avg_score,0.03825111825231257,0.10045984683713528,200
sce-2m,masked_count,win_rate,-0.03777070756548412,0.04625356012745122,200
sce-2m,masked_count,stability,-0.09983280588489475,-0.09016050369311988,200
sce-2m,masked_count,score_std,-0.05367541119282002,-0.04380523232495429,200
sce-3,beam_width,objective,-0.28817185888911867,-0.19167990666855644,200
sce-3,beam_width,avg_score,-0.29161507815371174,-0.1673211046019373,200
sce-3,beam_width,win_rate,-0.29535421902840847,-0.20517065319091518,200
sce-3,beam_width,stability,0.11580357898012554,0.0495277217633672,200
sce-3,beam_width,score_std,0.2769564987478002,0.20292313810740717,200
sce-3,lookahead_steps,objective,-0.03374161689781217,-0.025960928200070822,200
sce-3,lookahead_steps,avg_score,-0.035194018128395975,-0.03786065517190502,200
sce-3,lookahead_steps,win_rate,-0.0455465864723954,-0.055188523455043756,200
sce-3,lookahead_steps,stability,-0.000581070228893684,-0.015165571963405804,200
sce-3,lookahead_steps,score_std,0.06303291911491002,0.06289053778426487,200
sce-3,min_visits,objective,-0.24143972638279249,-0.18522257008097193,200
sce-3,min_visits,avg_score,-0.24066554255040262,-0.2340987553471898,200
sce-3,min_visits,win_rate,-0.2571465584342783,-0.21404516119745115,200
sce-3,min_visits,stability,-0.026466594744806404,-0.005005297369869346,200
sce-3,min_visits,score_std,0.16432005620867346,0.19340836426305724,200
sce-3,max_state_revisits,objective,0.08431339111991135,0.08651325875227539,200
sce-3,max_state_revisits,avg_score,0.07473934620293922,0.04706351308693126,200
sce-3,max_state_revisits,win_rate,0.062029281535941005,0.06843745137949413,200
sce-3,max_state_revisits,stability,-0.13648078668963984,-0.1468570466039538,200
sce-3,max_state_revisits,score_std,-0.04924669914816163,-0.08289442995888262,200
sce-3,min_cum_prob,objective,0.18294834147345773,0.1157458936473412,200
sce-3,min_cum_prob,avg_score,0.16943944937964778,0.09551435276635467,200
sce-3,min_cum_prob,win_rate,0.17222747114762538,0.08390389916053262,200
sce-3,min_cum_prob,stability,-0.10811984396346912,-0.10814220355508888,200
sce-3,min_cum_prob,score_std,-0.14074922222601408,-0.07650191254781372,200
sce-3,discount_factor,objective,-0.1259476677332411,-0.0822500562514063,200
sce-3,discount_factor,avg_score,-0.13071711010868223,-0.0841260424348693,200
sce-3,discount_factor,win_rate,-0.10152249039029594,0.007156956915689715,200
sce-3,discount_factor,stability,-0.010485483110660393,0.002887572189304733,200
sce-3,discount_factor,score_std,0.08880746593418169,0.026364659116477913,200
sce-3,backup_enabled,objective,-0.02540012339830501,-0.054394219209227594,200
sce-3,backup_enabled,avg_score,-0.016855303329021427,-0.06298292185227686,200
sce-3,backup_enabled,win_rate,-0.011665710896124172,-0.07282237110233701,200
sce-3,backup_enabled,stability,0.019609560912113747,0.042179377000839645,200
sce-3,backup_enabled,score_std,0.038580043361066504,0.06279192322749431,200
sce-3,backup_score_threshold,objective,-0.1167828704587322,-0.12693240232946557,142
sce-3,backup_score_threshold,avg_score,-0.11103311575599785,-0.15753296911844208,142
sce-3,backup_score_threshold,win_rate,-0.09653855296619865,-0.1427135685917602,142
sce-3,backup_score_threshold,stability,0.05773447035422778,0.10414907238401395,142
sce-3,backup_score_threshold,score_std,0.1290295563025804,0.14030650200862968,142
sce-3,backup_distance_threshold,objective,-0.023795763575926884,-0.03545959584317391,142
sce-3,backup_distance_threshold,avg_score,-0.03130720648054043,-0.034414037205686296,142
sce-3,backup_distance_threshold,win_rate,-0.042750532928524,-0.025271670434009703,142
sce-3,backup_distance_threshold,stability,0.013110210987051826,0.025254038739205058,142
sce-3,backup_distance_threshold,score_std,0.03281619205037547,-0.003132917427193724,142
sce-3,masked_count,objective,0.4237410430641662,0.44190675497828374,200
sce-3,masked_count,avg_score,0.4211592017939709,0.444282674393279,200
sce-3,masked_count,win_rate,0.42035421844563414,0.4413661588578027,200
sce-3,masked_count,stability,-0.19071730866705688,-0.18588816630309546,200
sce-3,masked_count,score_std,-0.3929948950442045,-0.44487384958832843,200
sce-3m,beam_width,objective,-0.04163806256339719,-0.05518266818013683,200
sce-3m,beam_width,avg_score,-0.021905800416512675,-0.07043933263317963,200
sce-3m,beam_width,win_rate,-0.033999797146351526,-0.06534607170832073,200
sce-3m,beam_width,stability,0.006893396426518838,-0.023997409286910288,200
sce-3m,beam_width,score_std,0.061632448476069565,0.1237143119658931,200
sce-3m,lookahead_steps,objective,0.28399890248316184,0.2799612595439608,200
sce-3m,lookahead_steps,avg_score,0.2851979842970927,0.2659450097661505,200
sce-3m,lookahead_steps,win_rate,0.28429489369140554,0.27747654752614653,200
sce-3m,lookahead_steps,stability,-0.17603488384211533,-0.20675064010168948,200
sce-3m,lookahead_steps,score_std,-0.28226428818357635,-0.28443136746331343,200
sce-3m,min_visits,objective,-0.21724074314234537,-0.09516367464093069,200
sce-3m,min_visits,avg_score,-0.18486220526029676,-0.09917834768976265,200
sce-3m,min_visits,win_rate,-0.20220734702445445,-0.15827446051159497,200
sce-3m,min_visits,stability,0.08307808365985091,0.09126250641134825,200
sce-3m,min_visits,score_std,0.19475358445422222,0.11029340824040901,200
sce-3m,max_state_revisits,objective,-0.15641590769625663,-0.12875410276601243,200
sce-3m,max_state_revisits,avg_score,-0.16404589006308073,-0.15579713955554728,200
sce-3m,max_state_revisits,win_rate,-0.1642255280391342,-0.1354855783493835,200
sce-3m,max_state_revisits,stability,0.2080273443979681,0.13605779196872228,200
sce-3m,max_state_revisits,score_std,0.1492707779772406,0.1312320626797066,200
sce-3m,min_cum_prob,objective,-0.15068014553539424,-0.11301282532063302,200
sce-3m,min_cum_prob,avg_score,-0.1481680351685275,-0.14385836619384437,200
sce-3m,min_cum_prob,win_rate,-0.1350144068652156,-0.14659012935869858,200
sce-3m,min_cum_prob,stability,0.11174456456145467,0.07239330983274582,200
sce-3m,min_cum_prob,score_std,0.1681398573496846,0.17144228605715145,200
sce-3m,discount_factor,objective,0.08435417348894682,0.14023700592514815,200
sce-3m,discount_factor,avg_score,0.08026733935212339,0.1469469491995181,200
sce-3m,discount_factor,win_rate,0.06918256390241319,0.06849797521022903,200
sce-3m,discount_factor,stability,-0.11012608123565185,-0.10196504912622817,200
sce-3m,discount_factor,score_std,-0.09096679878806455,-0.12352208805220133,200
sce-3m,backup_enabled,objective,0.25878703186875396,0.2566035818325609,200
sce-3m,backup_enabled,avg_score,0.24406352775149753,0.254691146640232,200
sce-3m,backup_enabled,win_rate,0.24755138889527104,0.263338050001318,200
sce-3m,backup_enabled,stability,-0.22596967168475754,-0.2252682491558122,200
sce-3m,backup_enabled,score_std,-0.2616943263137231,-0.2558748531656597,200
sce-3m,backup_score_threshold,objective,-0.29047304103595356,-0.27299951956440505,131
sce-3m,backup_score_threshold,avg_score,-0.30361468566746896,-0.30656143319767876,131
sce-3m,backup_score_threshold,win_rate,-0.2917052373874115,-0.2509697186776784,131
sce-3m,backup_score_threshold,stability,0.2693409482115461,0.18945710777771846,131
sce-3m,backup_score_threshold,score_std,0.2854117887755816,0.254006299044467,131
sce-3m,backup_distance_threshold,objective,0.04004263598907733,-0.0722361607857791,131
sce-3m,backup_distance_threshold,avg_score,0.02450798073343531,-0.051305320304779724,131
sce-3m,backup_distance_threshold,win_rate,0.027836873997510732,-0.024855969529737114,131
sce-3m,backup_distance_threshold,stability,-0.017452258048143557,0.037559387177707786,131
sce-3m,backup_distance_threshold,score_std,-0.013238591219308727,0.09974910585597609,131
sce-3m,masked_count,objective,0.22317803847731543,0.1640273876506158,200
sce-3m,masked_count,avg_score,0.20739132721146653,0.16914580104101717,200
sce-3m,masked_count,win_rate,0.2040330763585714,0.15269673965913652,200
sce-3m,masked_count,stability,-0.21381742993072222,-0.15967462481464967,200
sce-3m,masked_count,score_std,-0.232303753076552,-0.17524320686743713,200
