experiment_id,method_group,map_id,map_key,variant,base_variant_id,base_variant_rank,base_variant_trial,backup_condition,baseline_variant,score_mean,score_delta_vs_multi_step_no_switch,terminal_hp_delta_mean,terminal_hp_delta_delta_vs_multi_step_no_switch,win_rate,win_rate_delta_vs_multi_step_no_switch,loss_count,loss_delta_vs_multi_step_no_switch,path_diverged_rate,path_diverged_out_of_beam_ratio,path_diverged_has_backup_ratio,switch_rate_per_divergence,switch_frames_per_100,candidate_mean_planning_score_gain,candidate_mean_future_reward_gain,decision_elapsed_ms_mean,beam_plan_call_count,beam_plan_calls_per_100_frames,beam_plan_ms_mean,beam_plan_ms_total,beam_plan_ms_per_frame,beam_plan_ms_per_frame_delta_vs_multi_step_no_switch
sce1_etg_run_0068,ETG-only,MarineMicro_MvsM_4,sce-1,rank01_trial0019_ms_ns,rank01_trial0019,1,19,fixed_pool_multi_step_no_switch,rank01_trial0019_ms_ns,48.66,0.0,48.66,0.0,1.0,0.0,0,0.0,0.30583058305830585,0.4316546762589928,0.2697841726618705,0.0,0.0,-0.004558750832871551,1.3158661453088625,0.3011962857141778,812,89.32893289328933,2.8867389162560464,2344.0319999999097,2.5786930693068313,0.0
sce1_etg_run_0068,ETG-only,MarineMicro_MvsM_4,sce-1,rank01_trial0019_ms_ex,rank01_trial0019,1,19,fixed_pool_multi_step_switch_exact,rank01_trial0019_ms_ns,48.96,0.30000000000000426,48.96,0.30000000000000426,1.0,0.0,0,0.0,0.28726877040261156,0.5454545454545454,0.2159090909090909,0.2159090909090909,6.2023939064200215,-0.00571636552760969,1.2109778848307766,0.30699014492760507,779,84.76605005440696,2.908278048780411,2265.54859999994,2.4652324265505334,-0.11346064275629786
sce1_etg_run_0068,ETG-only,MarineMicro_MvsM_4,sce-1,rank01_trial0019_ms_fz020,rank01_trial0019,1,19,fixed_pool_multi_step_switch_fuzzy020,rank01_trial0019_ms_ns,55.38,6.720000000000006,55.38,6.720000000000006,1.0,0.0,0,0.0,0.265658747300216,0.516260162601626,0.2764227642276423,0.2764227642276423,7.34341252699784,-0.004673364123422365,1.2952000344891867,0.27487082066859153,782,84.44924406047517,2.801738746802938,2190.9596999998976,2.3660471922245114,-0.21264587708231986
sce1_etg_run_0068,ETG-only,MarineMicro_MvsM_4,sce-1,rank01_trial0019_ms_fz050,rank01_trial0019,1,19,fixed_pool_multi_step_switch_fuzzy050,rank01_trial0019_ms_ns,52.62,3.960000000000001,52.62,3.960000000000001,1.0,0.0,0,0.0,0.27986725663716816,0.5138339920948617,0.233201581027668,0.2450592885375494,6.8584070796460175,-0.003817475405094344,1.3544315331791235,0.3044305555555127,769,85.06637168141593,2.604454226267901,2002.8253000000157,2.215514712389398,-0.3631783569174334
sce1_etg_run_0068,ETG-only,MarineMicro_MvsM_4,sce-1,rank02_trial0051_ms_ns,rank02_trial0051,2,51,fixed_pool_multi_step_no_switch,rank02_trial0051_ms_ns,50.46,0.0,50.46,0.0,1.0,0.0,0,0.0,0.015418502202643172,1.0,0.0,0.0,0.0,-0.011425223905716306,0.39022380319148964,0.29645878594245223,830,91.40969162995594,0.7720703614458565,640.8184000000609,0.7057471365639437,0.0
sce1_etg_run_0068,ETG-only,MarineMicro_MvsM_4,sce-1,rank02_trial0051_ms_ex,rank02_trial0051,2,51,fixed_pool_multi_step_switch_exact,rank02_trial0051_ms_ns,48.42,-2.039999999999999,48.42,-2.039999999999999,1.0,0.0,0,0.0,0.016357688113413305,0.7333333333333333,0.13333333333333333,0.13333333333333333,0.21810250817884405,-0.01386965492285968,0.36961171465968595,0.28224919614136457,832,90.73064340239912,0.46360420673074354,385.71869999997864,0.4206310796073922,-0.2851160569565515
sce1_etg_run_0068,ETG-only,MarineMicro_MvsM_4,sce-1,rank02_trial0051_ms_fz020,rank02_trial0051,2,51,fixed_pool_multi_step_switch_fuzzy020,rank02_trial0051_ms_ns,50.52,0.060000000000002274,50.52,0.060000000000002274,1.0,0.0,0,0.0,0.022172949002217297,0.75,0.15,0.15,0.3325942350332594,-0.017545774133042452,0.38411185770751005,0.2677993710693242,821,91.01995565410199,0.4465161997564248,366.58980000002475,0.40641884700667935,-0.29932828955726437
sce1_etg_run_0068,ETG-only,MarineMicro_MvsM_4,sce-1,rank02_trial0051_ms_fz050,rank02_trial0051,2,51,fixed_pool_multi_step_switch_fuzzy050,rank02_trial0051_ms_ns,49.86,-0.6000000000000014,49.86,-0.6000000000000014,1.0,0.0,0,0.0,0.029850746268656716,0.9642857142857143,0.03571428571428571,0.03571428571428571,0.10660980810234541,-0.0076988775725042235,0.4357001434720231,0.2719436657682423,886,94.45628997867804,0.7466795711060935,661.5580999999988,0.7052858208955212,-0.0004613156684225572
sce1_etg_run_0068,ETG-only,MarineMicro_MvsM_4,sce-1,rank03_trial0031_ms_ns,rank03_trial0031,3,31,fixed_pool_multi_step_no_switch,rank03_trial0031_ms_ns,53.16,0.0,53.16,0.0,1.0,0.0,0,0.0,0.23782559456398641,0.5761904761904761,0.3380952380952381,0.0,0.0,-0.0027796915198764227,2.045246576305221,0.28352314814815444,767,86.8629671574179,0.7642752281617429,586.1991000000568,0.6638721404304154,0.0
sce1_etg_run_0068,ETG-only,MarineMicro_MvsM_4,sce-1,rank03_trial0031_ms_ex,rank03_trial0031,3,31,fixed_pool_multi_step_switch_exact,rank03_trial0031_ms_ns,50.82,-2.3399999999999963,50.82,-2.3399999999999963,0.96,-0.040000000000000036,2,2.0,0.17483296213808464,0.5859872611464968,0.2611464968152866,0.2611464968152866,4.565701559020044,-0.005462584396042475,1.7970967693236717,0.27539245283028524,732,81.51447661469933,1.0403840163934497,761.5611000000051,0.8480635857461082,0.18419144531569276
sce1_etg_run_0068,ETG-only,MarineMicro_MvsM_4,sce-1,rank03_trial0031_ms_fz020,rank03_trial0031,3,31,fixed_pool_multi_step_switch_fuzzy020,rank03_trial0031_ms_ns,52.44,-0.7199999999999989,52.44,-0.7199999999999989,1.0,0.0,0,0.0,0.19052987598647125,0.6331360946745562,0.26627218934911245,0.26627218934911245,5.0732807215332585,-0.0033412557492117382,2.4637295910710937,0.2680732638887795,736,82.97632468996618,0.8053653532608819,592.748900000009,0.6682625704622425,0.004390430031827042
sce1_etg_run_0068,ETG-only,MarineMicro_MvsM_4,sce-1,rank03_trial0031_ms_fz050,rank03_trial0031,3,31,fixed_pool_multi_step_switch_fuzzy050,rank03_trial0031_ms_ns,54.84,1.6800000000000068,54.84,1.6800000000000068,1.0,0.0,0,0.0,0.19887640449438201,0.6045197740112994,0.2542372881355932,0.24858757062146894,4.943820224719101,-0.0027006568895786213,2.0267176845459374,0.24843521594689524,747,83.93258426966293,0.7442206157965895,555.9328000000523,0.6246435955056768,-0.039228544924738595
sce1_etg_run_0068,ETG-only,MarineMicro_MvsM_4,sce-1,rank04_trial0005_ms_ns,rank04_trial0005,4,5,fixed_pool_multi_step_no_switch,rank04_trial0005_ms_ns,50.58,0.0,50.58,0.0,1.0,0.0,0,0.0,0.3941997851772288,0.7629427792915532,0.19618528610354224,0.0,0.0,-0.006071582267481847,2.565031298129813,0.24430677966106562,842,90.44038668098818,0.5310174584322371,447.11669999994365,0.48025424274967093,0.0
sce1_etg_run_0068,ETG-only,MarineMicro_MvsM_4,sce-1,rank04_trial0005_ms_ex,rank04_trial0005,4,5,fixed_pool_multi_step_switch_exact,rank04_trial0005_ms_ns,51.3,0.7199999999999989,51.3,0.7199999999999989,0.98,-0.020000000000000018,1,1.0,0.3745819397993311,0.7589285714285714,0.1875,0.18154761904761904,6.800445930880714,-0.012715342527904565,2.3443695061728396,0.25089484978543997,755,84.16945373467112,0.8437104635761271,637.001399999976,0.7101464882942876,0.22989224554461668
sce1_etg_run_0068,ETG-only,MarineMicro_MvsM_4,sce-1,rank04_trial0005_ms_fz020,rank04_trial0005,4,5,fixed_pool_multi_step_switch_fuzzy020,rank04_trial0005_ms_ns,49.68,-0.8999999999999986,49.68,-0.8999999999999986,0.98,-0.020000000000000018,1,1.0,0.3707742639040349,0.7647058823529411,0.18235294117647058,0.18529411764705883,6.870229007633588,-0.014183132173085278,2.9510975289169297,0.20501440677964816,764,83.31515812431843,0.7720909685864084,589.877500000016,0.6432688113413478,0.1630145685916769
sce1_etg_run_0068,ETG-only,MarineMicro_MvsM_4,sce-1,rank04_trial0005_ms_fz050,rank04_trial0005,4,5,fixed_pool_multi_step_switch_fuzzy050,rank04_trial0005_ms_ns,45.48,-5.100000000000001,45.48,-5.100000000000001,0.98,-0.020000000000000018,1,1.0,0.34501061571125263,0.7446153846153846,0.19076923076923077,0.18769230769230769,6.475583864118896,-0.010683967772305713,2.882295257675439,0.22964618644076726,793,84.18259023354565,0.49085498108451653,389.2480000000216,0.41321443736732655,-0.06703980538234439
sce1_etg_run_0068,ETG-only,MarineMicro_MvsM_4,sce-1,rank05_trial0018_ms_ns,rank05_trial0018,5,18,fixed_pool_multi_step_no_switch,rank05_trial0018_ms_ns,6.72,0.0,6.72,0.0,0.62,0.0,19,0.0,0.3857280617164899,0.445,0.3475,0.0,0.0,-0.03478430572370907,-0.6718137401433695,0.21906151079137443,900,86.78881388621022,3.9088545555555636,3517.969100000007,3.3924485053037676,0.0
sce1_etg_run_0068,ETG-only,MarineMicro_MvsM_4,sce-1,rank05_trial0018_ms_ex,rank05_trial0018,5,18,fixed_pool_multi_step_switch_exact,rank05_trial0018_ms_ns,16.08,9.36,16.08,9.36,0.84,0.21999999999999997,8,-11.0,0.3687315634218289,0.5546666666666666,0.24533333333333332,0.24266666666666667,8.947885939036382,-0.016465775876909436,-1.2690194120779303,0.2277472924186899,795,78.17109144542773,4.065079245283075,3231.7380000000444,3.1777168141593357,-0.2147316911444319
sce1_etg_run_0068,ETG-only,MarineMicro_MvsM_4,sce-1,rank05_trial0018_ms_fz020,rank05_trial0018,5,18,fixed_pool_multi_step_switch_fuzzy020,rank05_trial0018_ms_ns,10.14,3.420000000000001,10.14,3.420000000000001,0.68,0.06000000000000005,16,-3.0,0.3508102955195424,0.5652173913043478,0.24456521739130435,0.24456521739130435,8.579599618684462,-0.027094252187349923,-1.0630774736019997,0.263833469387698,789,75.21448999046711,3.811285678073499,3007.1043999999906,2.8666390848426984,-0.5258094204610693
sce1_etg_run_0068,ETG-only,MarineMicro_MvsM_4,sce-1,rank05_trial0018_ms_fz050,rank05_trial0018,5,18,fixed_pool_multi_step_switch_fuzzy050,rank05_trial0018_ms_ns,-1.74,-8.459999999999999,-1.74,-8.459999999999999,0.52,-0.09999999999999998,24,5.0,0.32943469785575047,0.5,0.28106508875739644,0.2781065088757396,9.161793372319687,-0.03440473021626339,-0.5500572365580689,0.26843985507245766,783,76.3157894736842,3.833198339718988,3001.3942999999676,2.9253355750487016,-0.46711293025506606
sce1_etg_run_0068,ETG-only,MarineMicro_MvsM_4,sce-1,rank06_trial0059_ms_ns,rank06_trial0059,6,59,fixed_pool_multi_step_no_switch,rank06_trial0059_ms_ns,48.54,0.0,48.54,0.0,1.0,0.0,0,0.0,0.3344407530454042,0.6357615894039735,0.17218543046357615,0.0,0.0,-0.00392621088726222,1.3997859273670559,0.25735042979932937,826,91.47286821705427,0.5956433414043814,492.00140000001903,0.5448520487264884,0.0
sce1_etg_run_0068,ETG-only,MarineMicro_MvsM_4,sce-1,rank06_trial0059_ms_ex,rank06_trial0059,6,59,fixed_pool_multi_step_switch_exact,rank06_trial0059_ms_ns,52.14,3.6000000000000014,52.14,3.6000000000000014,1.0,0.0,0,0.0,0.3194291986827662,0.6804123711340206,0.14432989690721648,0.140893470790378,4.500548847420417,-0.003405090627231347,1.4866348185868872,0.24506952662726494,792,86.93743139407245,0.8430726010101297,667.7135000000227,0.7329456641054036,0.18809361537891522
sce1_etg_run_0068,ETG-only,MarineMicro_MvsM_4,sce-1,rank06_trial0059_ms_fz020,rank06_trial0059,6,59,fixed_pool_multi_step_switch_fuzzy020,rank06_trial0059_ms_ns,53.76,5.219999999999999,53.76,5.219999999999999,1.0,0.0,0,0.0,0.32486187845303865,0.6564625850340136,0.1326530612244898,0.1292517006802721,4.198895027624309,-0.0027925856802299342,1.3493129385964913,0.2550305194804964,762,84.1988950276243,0.571540551180993,435.51389999991665,0.48123082872918965,-0.06362121999729875
sce1_etg_run_0068,ETG-only,MarineMicro_MvsM_4,sce-1,rank06_trial0059_ms_fz050,rank06_trial0059,6,59,fixed_pool_multi_step_switch_fuzzy050,rank06_trial0059_ms_ns,52.02,3.480000000000004,52.02,3.480000000000004,1.0,0.0,0,0.0,0.30359085963003263,0.6774193548387096,0.13261648745519714,0.16487455197132617,5.00544069640914,-0.004059229768358142,1.262484088010204,0.25487307692309213,780,84.87486398258977,0.8745975641025607,682.1860999999974,0.7423134929270918,0.1974614442006034
sce1_etg_run_0068,ETG-only,MarineMicro_MvsM_4,sce-1,rank07_trial0010_ms_ns,rank07_trial0010,7,10,fixed_pool_multi_step_no_switch,rank07_trial0010_ms_ns,48.72,0.0,48.72,0.0,0.98,0.0,1,0.0,0.19719827586206898,0.5081967213114754,0.21311475409836064,0.0,0.0,-0.0019625850498648876,-1.3267405045550107,0.24845515151522657,860,92.67241379310344,1.5000225581395208,1290.0193999999879,1.3901071120689523,0.0
sce1_etg_run_0068,ETG-only,MarineMicro_MvsM_4,sce-1,rank07_trial0010_ms_ex,rank07_trial0010,7,10,fixed_pool_multi_step_switch_exact,rank07_trial0010_ms_ns,52.86,4.140000000000001,52.86,4.140000000000001,1.0,0.020000000000000018,0,-1.0,0.13534675615212527,0.5206611570247934,0.2727272727272727,0.2727272727272727,3.6912751677852347,-0.0019531547550738107,-1.24207641271443,0.274451057401661,772,86.35346756152126,1.5843959844559254,1223.1536999999744,1.3681808724831928,-0.021926239585759566
sce1_etg_run_0068,ETG-only,MarineMicro_MvsM_4,sce-1,rank07_trial0010_ms_fz020,rank07_trial0010,7,10,fixed_pool_multi_step_switch_fuzzy020,rank07_trial0010_ms_ns,50.4,1.6799999999999997,50.4,1.6799999999999997,1.0,0.020000000000000018,0,-1.0,0.15611353711790393,0.5454545454545454,0.21678321678321677,0.2097902097902098,3.2751091703056767,-0.002208201965620327,-1.3758477624784855,0.2580259475218398,800,87.33624454148472,1.7305731249999523,1384.4584999999618,1.5114175764191722,0.12131046435021986
sce1_etg_run_0068,ETG-only,MarineMicro_MvsM_4,sce-1,rank07_trial0010_ms_fz050,rank07_trial0010,7,10,fixed_pool_multi_step_switch_fuzzy050,rank07_trial0010_ms_ns,53.34,4.6200000000000045,53.34,4.6200000000000045,1.0,0.020000000000000018,0,-1.0,0.13812154696132597,0.4,0.336,0.312,4.30939226519337,-0.0020326171673905186,-1.312510453049861,0.2554868338558609,753,83.20441988950276,1.6715314741036034,1258.6632000000134,1.3907880662983574,0.0006809542294050619
sce1_etg_run_0068,ETG-only,MarineMicro_MvsM_4,sce-1,rank08_trial0036_ms_ns,rank08_trial0036,8,36,fixed_pool_multi_step_no_switch,rank08_trial0036_ms_ns,54.12,0.0,54.12,0.0,1.0,0.0,0,0.0,0.4101433296582139,0.5994623655913979,0.2903225806451613,0.0,0.0,-0.007662815695422149,1.1450106173669468,0.25728899082566115,830,91.51047409040794,1.044397951807179,866.8502999999586,0.9557335170892597,0.0
sce1_etg_run_0068,ETG-only,MarineMicro_MvsM_4,sce-1,rank08_trial0036_ms_ex,rank08_trial0036,8,36,fixed_pool_multi_step_switch_exact,rank08_trial0036_ms_ns,52.32,-1.7999999999999972,52.32,-1.7999999999999972,1.0,0.0,0,0.0,0.3564245810055866,0.7366771159874608,0.13793103448275862,0.13479623824451412,4.804469273743017,-0.007430799686888262,0.9757979339805819,0.2585223270439391,756,84.46927374301676,1.4009662698412608,1059.1304999999932,1.1833860335195454,0.22765251643028572
sce1_etg_run_0068,ETG-only,MarineMicro_MvsM_4,sce-1,rank08_trial0036_ms_fz020,rank08_trial0036,8,36,fixed_pool_multi_step_switch_fuzzy020,rank08_trial0036_ms_ns,47.4,-6.719999999999999,47.4,-6.719999999999999,1.0,0.0,0,0.0,0.3297529538131042,0.6156351791530945,0.16612377850162866,0.16612377850162866,5.477980665950591,-0.012796717545930232,0.9553869298245614,0.263296306818105,808,86.78839957035446,1.2876896039603982,1040.4532000000017,1.1175651987110653,0.1618316816218056
sce1_etg_run_0068,ETG-only,MarineMicro_MvsM_4,sce-1,rank08_trial0036_ms_fz050,rank08_trial0036,8,36,fixed_pool_multi_step_switch_fuzzy050,rank08_trial0036_ms_ns,49.2,-4.919999999999995,49.2,-4.919999999999995,1.0,0.0,0,0.0,0.316315205327414,0.6140350877192983,0.1824561403508772,0.20350877192982456,6.437291897891232,-0.010538573017016443,1.1520781508319915,0.25590492753626765,749,83.12985571587126,0.6691062750333475,501.1605999999773,0.5562270810210624,-0.39950643606819725
sce1m_etg_run_0071,ETG-only,MarineMicro_MvsM_4_mirror,sce-1m,rank01_trial0053_ms_ns,rank01_trial0053,1,53,fixed_pool_multi_step_no_switch,rank01_trial0053_ms_ns,17.82,0.0,17.82,0.0,0.72,0.0,14,0.0,0.22363847045191193,0.5958549222797928,0.21243523316062177,0.0,0.0,-0.03145524060492795,2.193036259202191,0.2489768339768319,660,76.47740440324449,0.9796762121212161,646.5863000000027,0.7492309385863298,0.0
sce1m_etg_run_0071,ETG-only,MarineMicro_MvsM_4_mirror,sce-1m,rank01_trial0053_ms_ex,rank01_trial0053,1,53,fixed_pool_multi_step_switch_exact,rank01_trial0053_ms_ns,21.6,3.780000000000001,21.6,3.780000000000001,0.8,0.08000000000000007,10,-4.0,0.23120089786756454,0.5825242718446602,0.1941747572815534,0.1941747572815534,4.489337822671156,-0.024531486059099893,2.0709812918944617,0.2768054901959344,660,74.07407407407408,0.9902206060605028,653.5455999999318,0.7334967452300021,-0.015734193356327753
sce1m_etg_run_0071,ETG-only,MarineMicro_MvsM_4_mirror,sce-1m,rank01_trial0053_ms_fz020,rank01_trial0053,1,53,fixed_pool_multi_step_switch_fuzzy020,rank01_trial0053_ms_ns,27.12,9.3,27.12,9.3,0.92,0.20000000000000007,4,-10.0,0.23674911660777384,0.6517412935323383,0.11442786069651742,0.11442786069651742,2.7090694935217905,-0.014264267923062525,2.1101753571776154,0.25383618677032177,614,72.32037691401649,0.9310262214983703,571.6500999999994,0.6733216725559474,-0.0759092660303824
sce1m_etg_run_0071,ETG-only,MarineMicro_MvsM_4_mirror,sce-1m,rank01_trial0053_ms_fz050,rank01_trial0053,1,53,fixed_pool_multi_step_switch_fuzzy050,rank01_trial0053_ms_ns,23.58,5.759999999999998,23.58,5.759999999999998,0.88,0.16000000000000003,6,-8.0,0.23674911660777384,0.5472636815920398,0.12935323383084577,0.13432835820895522,3.1802120141342756,-0.011408751077005518,2.2041428625807074,0.282457303370853,621,73.14487632508833,0.9854239935587416,611.9482999999785,0.7207871613662881,-0.028443777220041766
sce1m_etg_run_0071,ETG-only,MarineMicro_MvsM_4_mirror,sce-1m,rank02_trial0047_ms_ns,rank02_trial0047,2,47,fixed_pool_multi_step_no_switch,rank02_trial0047_ms_ns,19.32,0.0,19.32,0.0,0.76,0.0,12,0.0,0.2858757062146893,0.5652173913043478,0.20553359683794467,0.0,0.0,-0.03204217976701495,-0.7006615533202128,0.22377434782602187,713,80.56497175141243,1.0890872370266667,776.5192000000134,0.8774228248587722,0.0
sce1m_etg_run_0071,ETG-only,MarineMicro_MvsM_4_mirror,sce-1m,rank02_trial0047_ms_ex,rank02_trial0047,2,47,fixed_pool_multi_step_switch_exact,rank02_trial0047_ms_ns,18.42,-0.8999999999999986,18.42,-0.8999999999999986,0.78,0.020000000000000018,11,-1.0,0.2324805339265851,0.6555023923444976,0.16267942583732056,0.16267942583732056,3.781979977753059,-0.031157296296002716,-0.9460974651194916,0.23456392694047634,682,75.86206896551724,1.0903409090908924,743.6124999999887,0.8271551724137806,-0.05026765244499165
sce1m_etg_run_0071,ETG-only,MarineMicro_MvsM_4_mirror,sce-1m,rank02_trial0047_ms_fz020,rank02_trial0047,2,47,fixed_pool_multi_step_switch_fuzzy020,rank02_trial0047_ms_ns,22.86,3.539999999999999,22.86,3.539999999999999,0.82,0.05999999999999994,9,-3.0,0.23717217787913342,0.6009615384615384,0.16826923076923078,0.16826923076923078,3.990877993158495,-0.02612401235160321,-1.070647466975829,0.2658704035872806,667,76.05473204104904,1.168082008995455,779.1106999999683,0.8883816419611954,0.01095881710242319
sce1m_etg_run_0071,ETG-only,MarineMicro_MvsM_4_mirror,sce-1m,rank02_trial0047_ms_fz050,rank02_trial0047,2,47,fixed_pool_multi_step_switch_fuzzy050,rank02_trial0047_ms_ns,23.04,3.719999999999999,23.04,3.719999999999999,0.8,0.040000000000000036,10,-2.0,0.17857142857142858,0.632258064516129,0.1870967741935484,0.2,3.5714285714285716,-0.03259460557808825,-0.7227864053840063,0.2610859728507294,628,72.35023041474655,1.048637738853548,658.544500000028,0.75869182027653,-0.11873100458224217
sce1m_etg_run_0071,ETG-only,MarineMicro_MvsM_4_mirror,sce-1m,rank03_trial0011_ms_ns,rank03_trial0011,3,11,fixed_pool_multi_step_no_switch,rank03_trial0011_ms_ns,23.88,0.0,23.88,0.0,0.8,0.0,10,0.0,0.2986857825567503,0.42,0.248,0.0,0.0,-0.010699808872598061,-1.301302484059511,0.25762384615393497,626,74.79091995221027,1.3206230031950164,826.7100000000802,0.98770609319006,0.0
sce1m_etg_run_0071,ETG-only,MarineMicro_MvsM_4_mirror,sce-1m,rank03_trial0011_ms_ex,rank03_trial0011,3,11,fixed_pool_multi_step_switch_exact,rank03_trial0011_ms_ns,22.14,-1.7399999999999984,22.14,-1.7399999999999984,0.82,0.019999999999999907,9,-1.0,0.26225769669327254,0.5391304347826087,0.1565217391304348,0.1565217391304348,4.104903078677309,-0.012713169709902059,-0.9102048483455881,0.24402835820902524,652,74.34435575826681,1.3568774539877264,884.6840999999977,1.0087618015963487,0.021055708406288676
sce1m_etg_run_0071,ETG-only,MarineMicro_MvsM_4_mirror,sce-1m,rank03_trial0011_ms_fz020,rank03_trial0011,3,11,fixed_pool_multi_step_switch_fuzzy020,rank03_trial0011_ms_ns,23.52,-0.35999999999999943,23.52,-0.35999999999999943,0.76,-0.040000000000000036,12,2.0,0.23148148148148148,0.46,0.165,0.16,3.7037037037037037,-0.021098833411624777,-0.6776101831229894,0.2756266435985583,644,74.53703703703704,1.2568684782609063,809.4233000000237,0.9368325231481756,-0.05087357004188442
sce1m_etg_run_0071,ETG-only,MarineMicro_MvsM_4_mirror,sce-1m,rank03_trial0011_ms_fz050,rank03_trial0011,3,11,fixed_pool_multi_step_switch_fuzzy050,rank03_trial0011_ms_ns,28.14,4.260000000000002,28.14,4.260000000000002,0.88,0.07999999999999996,6,-4.0,0.2429245283018868,0.4854368932038835,0.19902912621359223,0.20388349514563106,4.952830188679245,-0.010880936447855667,-1.1732879096667583,0.27142274368244346,584,68.86792452830188,1.2015397260274128,701.6992000000091,0.827475471698124,-0.160230621491936
sce1m_etg_run_0071,ETG-only,MarineMicro_MvsM_4_mirror,sce-1m,rank04_trial0000_ms_ns,rank04_trial0000,4,0,fixed_pool_multi_step_no_switch,rank04_trial0000_ms_ns,26.46,0.0,26.46,0.0,0.86,0.0,7,0.0,0.23897911832946636,0.6067961165048543,0.2669902912621359,0.0,0.0,-0.013468547163347706,2.519473866552609,0.2683069105690944,646,74.94199535962878,0.5169506191950286,333.9500999999885,0.3874131090487105,0.0
sce1m_etg_run_0071,ETG-only,MarineMicro_MvsM_4_mirror,sce-1m,rank04_trial0000_ms_ex,rank04_trial0000,4,0,fixed_pool_multi_step_switch_exact,rank04_trial0000_ms_ns,17.76,-8.7,17.76,-8.7,0.82,-0.040000000000000036,9,2.0,0.22805017103762829,0.67,0.225,0.225,5.131128848346636,-0.014631183608460179,2.5431472502805836,0.21868219696991548,691,78.79133409350057,0.45269609261932053,312.8129999999505,0.3566852907639116,-0.030727818284798925
sce1m_etg_run_0071,ETG-only,MarineMicro_MvsM_4_mirror,sce-1m,rank04_trial0000_ms_fz020,rank04_trial0000,4,0,fixed_pool_multi_step_switch_fuzzy020,rank04_trial0000_ms_ns,20.1,-6.359999999999999,20.1,-6.359999999999999,0.82,-0.040000000000000036,9,2.0,0.20454545454545456,0.7055555555555556,0.17777777777777778,0.17777777777777778,3.6363636363636362,-0.01055172778176454,2.3198431650530194,0.21529173553723113,683,77.61363636363636,0.44507950219619,303.9892999999978,0.34544238636363384,-0.04197072268507668
sce1m_etg_run_0071,ETG-only,MarineMicro_MvsM_4_mirror,sce-1m,rank04_trial0000_ms_fz050,rank04_trial0000,4,0,fixed_pool_multi_step_switch_fuzzy050,rank04_trial0000_ms_ns,23.28,-3.1799999999999997,23.28,-3.1799999999999997,0.82,-0.040000000000000036,9,2.0,0.1910902696365768,0.6380368098159509,0.22085889570552147,0.22699386503067484,4.337631887456038,-0.01254454975942832,2.561485781754909,0.2615996047429671,633,74.20867526377491,0.4920526066350693,311.46929999999884,0.36514572098475834,-0.022267388063952176
sce1m_etg_run_0071,ETG-only,MarineMicro_MvsM_4_mirror,sce-1m,rank05_trial0039_ms_ns,rank05_trial0039,5,39,fixed_pool_multi_step_no_switch,rank05_trial0039_ms_ns,21.0,0.0,21.0,0.0,0.8,0.0,10,0.0,0.23522595596755505,0.4236453201970443,0.3054187192118227,0.0,0.0,-0.013977920885905232,2.5577844447017055,0.2279908045977677,690,79.95365005793742,1.819433623188394,1255.4091999999919,1.4547035921205005,0.0
sce1m_etg_run_0071,ETG-only,MarineMicro_MvsM_4_mirror,sce-1m,rank05_trial0039_ms_ex,rank05_trial0039,5,39,fixed_pool_multi_step_switch_exact,rank05_trial0039_ms_ns,22.86,1.8599999999999994,22.86,1.8599999999999994,0.9,0.09999999999999998,5,-5.0,0.20809248554913296,0.4,0.3111111111111111,0.3111111111111111,6.473988439306359,-0.01142039809555911,1.8747178560250388,0.26899243027884157,620,71.67630057803468,1.7755912903226232,1100.8666000000264,1.2726781502890478,-0.18202544183145264
sce1m_etg_run_0071,ETG-only,MarineMicro_MvsM_4_mirror,sce-1m,rank05_trial0039_ms_fz020,rank05_trial0039,5,39,fixed_pool_multi_step_switch_fuzzy020,rank05_trial0039_ms_ns,24.9,3.8999999999999986,24.9,3.8999999999999986,0.78,-0.020000000000000018,11,1.0,0.1609870740305523,0.44525547445255476,0.2773722627737226,0.2773722627737226,4.465334900117509,-0.015404202030592734,2.371986607142857,0.2524065306122045,596,70.0352526439483,1.9181872483221822,1143.2396000000206,1.34340728554644,-0.11129630657406042
sce1m_etg_run_0071,ETG-only,MarineMicro_MvsM_4_mirror,sce-1m,rank05_trial0039_ms_fz050,rank05_trial0039,5,39,fixed_pool_multi_step_switch_fuzzy050,rank05_trial0039_ms_ns,20.1,-0.8999999999999986,20.1,-0.8999999999999986,0.72,-0.08000000000000007,14,4.0,0.156794425087108,0.43703703703703706,0.2814814814814815,0.2814814814814815,4.413472706155633,-0.024726004840711854,2.195399476831091,0.26089565217398064,613,71.19628339140534,1.9112378466559046,1171.5888000000696,1.360730313588931,-0.09397327853156945
sce1m_etg_run_0071,ETG-only,MarineMicro_MvsM_4_mirror,sce-1m,rank06_trial0028_ms_ns,rank06_trial0028,6,28,fixed_pool_multi_step_no_switch,rank06_trial0028_ms_ns,21.12,0.0,21.12,0.0,0.8,0.0,10,0.0,0.29898074745186864,0.7121212121212122,0.1553030303030303,0.0,0.0,-0.016758721680252938,-1.4235343811394892,0.21279377431895755,706,79.95469988674972,0.4421495750709586,312.15760000009675,0.35351936579852405,0.0
sce1m_etg_run_0071,ETG-only,MarineMicro_MvsM_4_mirror,sce-1m,rank06_trial0028_ms_ex,rank06_trial0028,6,28,fixed_pool_multi_step_switch_exact,rank06_trial0028_ms_ns,25.02,3.8999999999999986,25.02,3.8999999999999986,0.84,0.039999999999999925,8,-2.0,0.2801875732708089,0.7405857740585774,0.10460251046025104,0.100418410041841,2.8135990621336457,-0.016505643920055324,-1.1364006357388319,0.2673542016807685,629,73.73974208675264,0.5248775834658602,330.14800000002606,0.3870433763189051,0.033524010520381065
sce1m_etg_run_0071,ETG-only,MarineMicro_MvsM_4_mirror,sce-1m,rank06_trial0028_ms_fz020,rank06_trial0028,6,28,fixed_pool_multi_step_switch_fuzzy020,rank06_trial0028_ms_ns,19.74,-1.3800000000000026,19.74,-1.3800000000000026,0.76,-0.040000000000000036,12,2.0,0.31179138321995464,0.7490909090909091,0.08363636363636363,0.08363636363636363,2.6077097505668934,-0.016783714272451736,-1.0150910280668561,0.24946753246764822,672,76.19047619047619,0.4992044642858179,335.4654000000696,0.3803462585034803,0.02682689270495625
sce1m_etg_run_0071,ETG-only,MarineMicro_MvsM_4_mirror,sce-1m,rank06_trial0028_ms_fz050,rank06_trial0028,6,28,fixed_pool_multi_step_switch_fuzzy050,rank06_trial0028_ms_ns,23.7,2.5799999999999983,23.7,2.5799999999999983,0.78,-0.020000000000000018,11,1.0,0.2751677852348993,0.6422764227642277,0.2032520325203252,0.1910569105691057,5.257270693512305,-0.020676281557730613,-1.1779193950177937,0.26873870967742747,675,75.50335570469798,0.5052493333332714,341.0432999999582,0.38148020134223515,0.027960835543711093
sce1m_etg_run_0071,ETG-only,MarineMicro_MvsM_4_mirror,sce-1m,rank07_trial0035_ms_ns,rank07_trial0035,7,35,fixed_pool_multi_step_no_switch,rank07_trial0035_ms_ns,28.32,0.0,28.32,0.0,0.84,0.0,8,0.0,0.25239234449760767,0.5450236966824644,0.1848341232227488,0.0,0.0,-0.015229803732167292,2.181221856020007,0.278408888888985,637,76.19617224880383,0.8340343799057992,531.2798999999941,0.6355022727272657,0.0
sce1m_etg_run_0071,ETG-only,MarineMicro_MvsM_4_mirror,sce-1m,rank07_trial0035_ms_ex,rank07_trial0035,7,35,fixed_pool_multi_step_switch_exact,rank07_trial0035_ms_ns,21.0,-7.32,21.0,-7.32,0.74,-0.09999999999999998,13,5.0,0.22235023041474655,0.5647668393782384,0.19170984455958548,0.19170984455958548,4.2626728110599075,-0.023990810135918833,2.3501580182594024,0.2563276450511993,660,76.036866359447,0.7425589393940146,490.08890000004965,0.564618548387154,-0.0708837243401117
sce1m_etg_run_0071,ETG-only,MarineMicro_MvsM_4_mirror,sce-1m,rank07_trial0035_ms_fz020,rank07_trial0035,7,35,fixed_pool_multi_step_switch_fuzzy020,rank07_trial0035_ms_ns,22.44,-5.879999999999999,22.44,-5.879999999999999,0.86,0.020000000000000018,7,-1.0,0.21956769055745165,0.5647668393782384,0.17616580310880828,0.17616580310880828,3.868031854379977,-0.018816443839960482,2.4143552991933968,0.5354152482269883,686,78.04323094425483,0.815741399416937,559.5986000000188,0.6366309442548564,0.0011286715275907744
sce1m_etg_run_0071,ETG-only,MarineMicro_MvsM_4_mirror,sce-1m,rank07_trial0035_ms_fz050,rank07_trial0035,7,35,fixed_pool_multi_step_switch_fuzzy050,rank07_trial0035_ms_ns,27.6,-0.7199999999999989,27.6,-0.7199999999999989,0.88,0.040000000000000036,6,-2.0,0.22668240850059032,0.6041666666666666,0.13020833333333334,0.13020833333333334,2.9515938606847696,-0.013566615303325726,2.5814909369481667,0.24495381679374656,639,75.44273907910272,0.7946012519561207,507.7501999999612,0.5994689492325398,-0.03603332349472588
sce1m_etg_run_0071,ETG-only,MarineMicro_MvsM_4_mirror,sce-1m,rank08_trial0033_ms_ns,rank08_trial0033,8,33,fixed_pool_multi_step_no_switch,rank08_trial0033_ms_ns,24.0,0.0,24.0,0.0,0.78,0.0,11,0.0,0.27842227378190254,0.6,0.15833333333333333,0.0,0.0,-0.023002288489784244,2.773642373233583,0.2701937007873253,649,75.29002320185614,0.8682739599384001,563.5098000000216,0.6537236658932966,0.0
sce1m_etg_run_0071,ETG-only,MarineMicro_MvsM_4_mirror,sce-1m,rank08_trial0033_ms_ex,rank08_trial0033,8,33,fixed_pool_multi_step_switch_exact,rank08_trial0033_ms_ns,20.58,-3.4200000000000017,20.58,-3.4200000000000017,0.78,0.0,11,0.0,0.28199320498301245,0.6987951807228916,0.12449799196787148,0.12449799196787148,3.5107587768969424,-0.02194629089324612,2.375368383305571,0.25298069498059755,669,75.76443941109852,0.8608847533631551,575.9318999999507,0.6522445073612125,-0.001479158532084024
sce1m_etg_run_0071,ETG-only,MarineMicro_MvsM_4_mirror,sce-1m,rank08_trial0033_ms_fz020,rank08_trial0033,8,33,fixed_pool_multi_step_switch_fuzzy020,rank08_trial0033_ms_ns,16.62,-7.379999999999999,16.62,-7.379999999999999,0.62,-0.16000000000000003,19,8.0,0.24888888888888888,0.6517857142857143,0.15178571428571427,0.15178571428571427,3.7777777777777777,-0.0334089420545471,2.371793589420655,0.28938663967614753,671,74.55555555555556,0.9670625931445924,648.8990000000215,0.7209988888889127,0.06727522299561617
sce1m_etg_run_0071,ETG-only,MarineMicro_MvsM_4_mirror,sce-1m,rank08_trial0033_ms_fz050,rank08_trial0033,8,33,fixed_pool_multi_step_switch_fuzzy050,rank08_trial0033_ms_ns,14.1,-9.9,14.1,-9.9,0.7,-0.08000000000000007,15,4.0,0.2541993281075028,0.5814977973568282,0.14537444933920704,0.14537444933920704,3.6954087346024638,-0.02655696469341992,2.430775485571587,0.2658550218338811,653,73.12430011198208,0.9202454823888846,600.9202999999417,0.6729230683090053,0.019199402415708722
sce2_etg_run_0069,ETG-only,MarineMicro_MvsM_4_dist,sce-2,rank01_trial0178_ms_ns,rank01_trial0178,1,178,fixed_pool_multi_step_no_switch,rank01_trial0178_ms_ns,69.0,0.0,69.0,0.0,0.98,0.0,1,0.0,0.4084507042253521,0.6819923371647509,0.19157088122605365,0.0,0.0,-0.0035854953707786796,-1.2218180063626722,0.25770751445104445,615,96.24413145539906,2.2730801626015813,1397.9442999999724,2.1877062597808643,0.0
sce2_etg_run_0069,ETG-only,MarineMicro_MvsM_4_dist,sce-2,rank01_trial0178_ms_ex,rank01_trial0178,1,178,fixed_pool_multi_step_switch_exact,rank01_trial0178_ms_ns,72.54,3.5400000000000063,72.54,3.5400000000000063,1.0,0.020000000000000018,0,-1.0,0.38193343898573695,0.7219917012448133,0.12033195020746888,0.11618257261410789,4.437400950871632,-0.0009279230032113154,-1.38175681021701,0.27043266666668825,577,91.44215530903328,2.4303431542461125,1402.3080000000068,2.2223581616481884,0.03465190186732414
sce2_etg_run_0069,ETG-only,MarineMicro_MvsM_4_dist,sce-2,rank01_trial0178_ms_fz020,rank01_trial0178,1,178,fixed_pool_multi_step_switch_fuzzy020,rank01_trial0178_ms_ns,70.56,1.5600000000000023,70.56,1.5600000000000023,1.0,0.020000000000000018,0,-1.0,0.42105263157894735,0.7095588235294118,0.11397058823529412,0.11764705882352941,4.953560371517028,-0.0010990393195210557,-1.483168517428552,0.24018113207555214,595,92.10526315789474,2.1850910924369935,1300.1292000000112,2.01258390092881,-0.1751223588520543
sce2_etg_run_0069,ETG-only,MarineMicro_MvsM_4_dist,sce-2,rank01_trial0178_ms_fz050,rank01_trial0178,1,178,fixed_pool_multi_step_switch_fuzzy050,rank01_trial0178_ms_ns,63.18,-5.82,63.18,-5.82,0.92,-0.05999999999999994,4,3.0,0.3091190108191654,0.765,0.13,0.135,4.1731066460587325,-0.0063513935988748745,-1.4511533074387952,0.25742040816331746,570,88.09891808346214,2.012731052631519,1147.256699999966,1.7731942812982473,-0.414511978482617
sce2_etg_run_0069,ETG-only,MarineMicro_MvsM_4_dist,sce-2,rank02_trial0000_ms_ns,rank02_trial0000,2,0,fixed_pool_multi_step_no_switch,rank02_trial0000_ms_ns,72.54,0.0,72.54,0.0,1.0,0.0,0,0.0,0.33279483037156704,0.8252427184466019,0.07766990291262135,0.0,0.0,-0.0007685414682717075,2.3727215796019907,0.24660869565222057,607,98.06138933764136,0.617136079077512,374.6016000000498,0.6051722132472533,0.0
sce2_etg_run_0069,ETG-only,MarineMicro_MvsM_4_dist,sce-2,rank02_trial0000_ms_ex,rank02_trial0000,2,0,fixed_pool_multi_step_switch_exact,rank02_trial0000_ms_ns,69.06,-3.480000000000004,69.06,-3.480000000000004,1.0,0.0,0,0.0,0.2703125,0.8439306358381503,0.08092485549132948,0.08092485549132948,2.1875,-0.0013047373892420605,2.412238811420983,0.22298543689314382,605,94.53125,0.5436211570249372,328.890800000087,0.5138918750001359,-0.09128033824711745
sce2_etg_run_0069,ETG-only,MarineMicro_MvsM_4_dist,sce-2,rank02_trial0000_ms_fz020,rank02_trial0000,2,0,fixed_pool_multi_step_switch_fuzzy020,rank02_trial0000_ms_ns,67.92,-4.6200000000000045,67.92,-4.6200000000000045,0.98,-0.020000000000000018,1,1.0,0.26875,0.7383720930232558,0.12209302325581395,0.12209302325581395,3.28125,-0.0013366013699179814,2.706233893414801,0.22925999999999114,596,93.125,0.559417114093976,333.4126000000097,0.5209571875000152,-0.08421502574723816
sce2_etg_run_0069,ETG-only,MarineMicro_MvsM_4_dist,sce-2,rank02_trial0000_ms_fz050,rank02_trial0000,2,0,fixed_pool_multi_step_switch_fuzzy050,rank02_trial0000_ms_ns,66.6,-5.940000000000012,66.6,-5.940000000000012,0.98,-0.020000000000000018,1,1.0,0.25656877897990726,0.891566265060241,0.05421686746987952,0.05421686746987952,1.3910355486862442,-0.0012715840735393232,2.2705096517917522,0.262797169811358,619,95.67233384853168,0.6474337641357024,400.7614999999998,0.6194149922720243,0.014242779024771002
sce2_etg_run_0069,ETG-only,MarineMicro_MvsM_4_dist,sce-2,rank03_trial0198_ms_ns,rank03_trial0198,3,198,fixed_pool_multi_step_no_switch,rank03_trial0198_ms_ns,71.64,0.0,71.64,0.0,1.0,0.0,0,0.0,0.569377990430622,0.7338935574229691,0.10364145658263306,0.0,0.0,-0.0009297740006081289,-1.3352849072737958,0.23828854961851056,617,98.40510366826156,3.8810717990274815,2394.621299999956,3.819172727272657,0.0
sce2_etg_run_0069,ETG-only,MarineMicro_MvsM_4_dist,sce-2,rank03_trial0198_ms_ex,rank03_trial0198,3,198,fixed_pool_multi_step_switch_exact,rank03_trial0198_ms_ns,70.02,-1.6200000000000045,70.02,-1.6200000000000045,1.0,0.0,0,0.0,0.5118110236220472,0.7076923076923077,0.06153846153846154,0.06153846153846154,3.1496062992125986,-0.0013294710787109586,-1.428234788037166,0.275532142857529,593,93.38582677165354,3.3880768971331845,2009.1295999999784,3.16398362204721,-0.655189105225447
sce2_etg_run_0069,ETG-only,MarineMicro_MvsM_4_dist,sce-2,rank03_trial0198_ms_fz020,rank03_trial0198,3,198,fixed_pool_multi_step_switch_fuzzy020,rank03_trial0198_ms_ns,67.68,-3.9599999999999937,67.68,-3.9599999999999937,0.98,-0.020000000000000018,1,1.0,0.518341307814992,0.6030769230769231,0.08307692307692308,0.08307692307692308,4.30622009569378,-0.0010877171360886577,-1.5795082402977145,0.29391911764705747,576,91.86602870813397,3.6536111111110534,2104.479999999967,3.356427432216853,-0.4627452950558042
sce2_etg_run_0069,ETG-only,MarineMicro_MvsM_4_dist,sce-2,rank03_trial0198_ms_fz050,rank03_trial0198,3,198,fixed_pool_multi_step_switch_fuzzy050,rank03_trial0198_ms_ns,71.52,-0.12000000000000455,71.52,-0.12000000000000455,1.0,0.0,0,0.0,0.48580441640378547,0.7305194805194806,0.07467532467532467,0.08441558441558442,4.100946372239748,-0.000991752587208427,-1.4300058088235286,0.28172686567158456,592,93.37539432176656,3.9839520270270032,2358.499599999986,3.7200309148264763,-0.09914181244618092
sce2_etg_run_0069,ETG-only,MarineMicro_MvsM_4_dist,sce-2,rank04_trial0081_ms_ns,rank04_trial0081,4,81,fixed_pool_multi_step_no_switch,rank04_trial0081_ms_ns,71.7,0.0,71.7,0.0,1.0,0.0,0,0.0,0.4526813880126183,0.6968641114982579,0.12195121951219512,0.0,0.0,-0.0009815544884904787,-1.4941829735844787,0.2381354285715734,621,97.94952681388013,4.226792914653799,2624.8384000000087,4.140123659306007,0.0
sce2_etg_run_0069,ETG-only,MarineMicro_MvsM_4_dist,sce-2,rank04_trial0081_ms_ex,rank04_trial0081,4,81,fixed_pool_multi_step_switch_exact,rank04_trial0081_ms_ns,71.4,-0.29999999999999716,71.4,-0.29999999999999716,1.0,0.0,0,0.0,0.32051282051282054,0.635,0.155,0.155,4.967948717948718,-0.0014622237904290182,-1.5194172214584973,0.25662871794886966,567,90.86538461538461,4.270422222222184,2421.3293999999782,3.880335576923042,-0.25978808238296525
sce2_etg_run_0069,ETG-only,MarineMicro_MvsM_4_dist,sce-2,rank04_trial0081_ms_fz020,rank04_trial0081,4,81,fixed_pool_multi_step_switch_fuzzy020,rank04_trial0081_ms_ns,72.78,1.0799999999999983,72.78,1.0799999999999983,1.0,0.0,0,0.0,0.4085173501577287,0.7258687258687259,0.138996138996139,0.13513513513513514,5.520504731861199,-0.0009844897396885926,-1.3801485745201887,0.27398971428543256,582,91.7981072555205,4.231336426116871,2462.637800000019,3.884286750788674,-0.2558369085173333
sce2_etg_run_0069,ETG-only,MarineMicro_MvsM_4_dist,sce-2,rank04_trial0081_ms_fz050,rank04_trial0081,4,81,fixed_pool_multi_step_switch_fuzzy050,rank04_trial0081_ms_ns,72.06,0.35999999999999943,72.06,0.35999999999999943,1.0,0.0,0,0.0,0.3825396825396825,0.7883817427385892,0.1037344398340249,0.1078838174273859,4.126984126984127,-0.001082843937608086,-1.6315222732874024,0.2713467455623072,588,93.33333333333333,4.167012755102045,2450.2035000000024,3.8892119047619085,-0.25091175454409864
sce2_etg_run_0069,ETG-only,MarineMicro_MvsM_4_dist,sce-2,rank05_trial0051_ms_ns,rank05_trial0051,5,51,fixed_pool_multi_step_no_switch,rank05_trial0051_ms_ns,71.22,0.0,71.22,0.0,1.0,0.0,0,0.0,0.4482758620689655,0.7552447552447552,0.11188811188811189,0.0,0.0,-0.0007798159592265856,-1.0350688663101608,0.24935802469142032,612,95.92476489028213,1.710092483660174,1046.5766000000265,1.6404021943574083,0.0
sce2_etg_run_0069,ETG-only,MarineMicro_MvsM_4_dist,sce-2,rank05_trial0051_ms_ex,rank05_trial0051,5,51,fixed_pool_multi_step_switch_exact,rank05_trial0051_ms_ns,64.44,-6.780000000000001,64.44,-6.780000000000001,0.96,-0.040000000000000036,2,2.0,0.3126934984520124,0.7029702970297029,0.1188118811881188,0.11386138613861387,3.5603715170278636,-0.005506888399155519,-1.3187790400202646,0.27689915254230074,599,92.72445820433437,1.3556188647747667,812.0157000000852,1.2569902476781505,-0.3834119466792578
sce2_etg_run_0069,ETG-only,MarineMicro_MvsM_4_dist,sce-2,rank05_trial0051_ms_fz020,rank05_trial0051,5,51,fixed_pool_multi_step_switch_fuzzy020,rank05_trial0051_ms_ns,63.36,-7.859999999999999,63.36,-7.859999999999999,1.0,0.0,0,0.0,0.3405238828967643,0.7058823529411765,0.1085972850678733,0.11312217194570136,3.852080123266564,-0.0018128610136564224,-1.2963055437853122,0.2559114427860862,593,91.37134052388289,1.4489763912309916,859.242999999978,1.323949152542339,-0.3164530418150693
sce2_etg_run_0069,ETG-only,MarineMicro_MvsM_4_dist,sce-2,rank05_trial0051_ms_fz050,rank05_trial0051,5,51,fixed_pool_multi_step_switch_fuzzy050,rank05_trial0051_ms_ns,66.06,-5.159999999999997,66.06,-5.159999999999997,0.98,-0.020000000000000018,1,1.0,0.3893249607535322,0.592741935483871,0.14516129032258066,0.14516129032258066,5.65149136577708,-0.002243672952528434,-1.2585052675189403,0.2871428571430472,581,91.20879120879121,1.495672289156575,868.9855999999701,1.3641846153845685,-0.27621757897283983
sce2_etg_run_0069,ETG-only,MarineMicro_MvsM_4_dist,sce-2,rank06_trial0072_ms_ns,rank06_trial0072,6,72,fixed_pool_multi_step_no_switch,rank06_trial0072_ms_ns,68.34,0.0,68.34,0.0,1.0,0.0,0,0.0,0.5219435736677116,0.6726726726726727,0.09309309309309309,0.0,0.0,-0.0013507377875928124,-1.903135303544495,0.25080215827335484,617,96.70846394984326,3.422217828201056,2111.5084000000516,3.3095742946709272,0.0
sce2_etg_run_0069,ETG-only,MarineMicro_MvsM_4_dist,sce-2,rank06_trial0072_ms_ex,rank06_trial0072,6,72,fixed_pool_multi_step_switch_exact,rank06_trial0072_ms_ns,69.42,1.0799999999999983,69.42,1.0799999999999983,1.0,0.0,0,0.0,0.49921752738654146,0.664576802507837,0.13479623824451412,0.12852664576802508,6.416275430359938,-0.0012561973325559996,-1.8743948971497348,0.2729067114092511,555,86.85446009389672,3.3063124324325184,1835.0034000000478,2.8716798122066476,-0.43789448246427964
sce2_etg_run_0069,ETG-only,MarineMicro_MvsM_4_dist,sce-2,rank06_trial0072_ms_fz020,rank06_trial0072,6,72,fixed_pool_multi_step_switch_fuzzy020,rank06_trial0072_ms_ns,71.04,2.700000000000003,71.04,2.700000000000003,1.0,0.0,0,0.0,0.46529968454258674,0.6644067796610169,0.16610169491525423,0.15593220338983052,7.255520504731861,-0.0012777631284496276,-1.9116017232510287,0.2718034246571942,556,87.69716088328076,3.3981616906474748,1889.3778999999959,2.980091324921129,-0.3294829697497983
sce2_etg_run_0069,ETG-only,MarineMicro_MvsM_4_dist,sce-2,rank06_trial0072_ms_fz050,rank06_trial0072,6,72,fixed_pool_multi_step_switch_fuzzy050,rank06_trial0072_ms_ns,69.78,1.4399999999999977,69.78,1.4399999999999977,0.98,-0.020000000000000018,1,1.0,0.48095238095238096,0.768976897689769,0.10891089108910891,0.12871287128712872,6.190476190476191,-0.0023649234016733596,-1.5707799982280268,0.2773398058253428,568,90.15873015873017,3.90403573943661,2217.4922999999944,3.5198290476190386,0.21025475294811136
sce2_etg_run_0069,ETG-only,MarineMicro_MvsM_4_dist,sce-2,rank07_trial0135_ms_ns,rank07_trial0135,7,135,fixed_pool_multi_step_no_switch,rank07_trial0135_ms_ns,73.44,0.0,73.44,0.0,1.0,0.0,0,0.0,0.4301765650080257,0.7686567164179104,0.10820895522388059,0.0,0.0,-0.001123862255550759,-1.6573488002193881,0.24987105263181114,601,96.46869983948636,2.507702163061589,1507.1290000000151,2.4191476725521914,0.0
sce2_etg_run_0069,ETG-only,MarineMicro_MvsM_4_dist,sce-2,rank07_trial0135_ms_ex,rank07_trial0135,7,135,fixed_pool_multi_step_switch_exact,rank07_trial0135_ms_ns,72.48,-0.9599999999999937,72.48,-0.9599999999999937,1.0,0.0,0,0.0,0.33816425120772947,0.7619047619047619,0.11428571428571428,0.11428571428571428,3.864734299516908,-0.001161075485856681,-1.7272215231788073,0.2645846153845409,583,93.88083735909822,2.3842874785591,1390.0395999999553,2.238389049919413,-0.18075862263277864
sce2_etg_run_0069,ETG-only,MarineMicro_MvsM_4_dist,sce-2,rank07_trial0135_ms_fz020,rank07_trial0135,7,135,fixed_pool_multi_step_switch_fuzzy020,rank07_trial0135_ms_ns,68.7,-4.739999999999995,68.7,-4.739999999999995,0.98,-0.020000000000000018,1,1.0,0.31061806656101426,0.7040816326530612,0.12244897959183673,0.11734693877551021,3.6450079239302693,-0.0015890360627402549,-1.7301439915671117,0.2649318750000518,576,91.28367670364501,2.1797671874998574,1255.5458999999178,1.9897716323295052,-0.4293760402226863
sce2_etg_run_0069,ETG-only,MarineMicro_MvsM_4_dist,sce-2,rank07_trial0135_ms_fz050,rank07_trial0135,7,135,fixed_pool_multi_step_switch_fuzzy050,rank07_trial0135_ms_ns,62.94,-10.5,62.94,-10.5,1.0,0.0,0,0.0,0.3271889400921659,0.7746478873239436,0.14084507042253522,0.14084507042253522,4.608294930875576,-0.0015570741428717256,-1.6272333970225301,0.25698134715024823,591,90.78341013824885,1.9573159052453206,1156.7736999999845,1.7769181259600377,-0.6422295465921537
sce2_etg_run_0069,ETG-only,MarineMicro_MvsM_4_dist,sce-2,rank08_trial0125_ms_ns,rank08_trial0125,8,125,fixed_pool_multi_step_no_switch,rank08_trial0125_ms_ns,60.6,0.0,60.6,0.0,0.98,0.0,1,0.0,0.3744360902255639,0.6706827309236948,0.1927710843373494,0.0,0.0,-0.00429455130758286,-1.1561426897321434,0.25020753768849957,640,96.2406015037594,1.4416100000000265,922.630400000017,1.3874141353383713,0.0
sce2_etg_run_0069,ETG-only,MarineMicro_MvsM_4_dist,sce-2,rank08_trial0125_ms_ex,rank08_trial0125,8,125,fixed_pool_multi_step_switch_exact,rank08_trial0125_ms_ns,71.28,10.68,71.28,10.68,1.0,0.020000000000000018,0,-1.0,0.40916271721958924,0.7104247104247104,0.11969111969111969,0.11969111969111969,4.897314375987362,-0.0013722300828844004,-1.39790661391763,0.2559794520548956,583,92.10110584518168,1.663468782161222,969.8022999999924,1.5320731437598616,0.14465900842149026
sce2_etg_run_0069,ETG-only,MarineMicro_MvsM_4_dist,sce-2,rank08_trial0125_ms_fz020,rank08_trial0125,8,125,fixed_pool_multi_step_switch_fuzzy020,rank08_trial0125_ms_ns,69.9,9.300000000000004,69.9,9.300000000000004,1.0,0.020000000000000018,0,-1.0,0.40063091482649843,0.7677165354330708,0.11023622047244094,0.1141732283464567,4.574132492113565,-0.0009325698846835289,-1.365932678428227,0.25142708333331715,587,92.58675078864353,1.6520340715502442,969.7439999999933,1.5295646687697055,0.14215053343133421
sce2_etg_run_0069,ETG-only,MarineMicro_MvsM_4_dist,sce-2,rank08_trial0125_ms_fz050,rank08_trial0125,8,125,fixed_pool_multi_step_switch_fuzzy050,rank08_trial0125_ms_ns,71.58,10.979999999999997,71.58,10.979999999999997,1.0,0.020000000000000018,0,-1.0,0.383147853736089,0.7800829875518672,0.0954356846473029,0.1037344398340249,3.97456279809221,-0.0008984746296289729,-1.4110000314070346,0.26664779874219013,589,93.64069952305246,1.673193718166423,985.5111000000231,1.5667903020668095,0.17937616672843815
sce2m_etg_run_0072,ETG-only,MarineMicro_MvsM_4_dist_mirror,sce-2m,rank01_trial0195_ms_ns,rank01_trial0195,1,195,fixed_pool_multi_step_no_switch,rank01_trial0195_ms_ns,43.98,0.0,43.98,0.0,1.0,0.0,0,0.0,0.3252496433666191,0.7149122807017544,0.17982456140350878,0.0,0.0,-0.23837343639389366,13.354406902173913,0.24348333333341138,662,94.43651925820257,0.7871645015105186,521.1028999999634,0.7433707560627152,0.0
sce2m_etg_run_0072,ETG-only,MarineMicro_MvsM_4_dist_mirror,sce-2m,rank01_trial0195_ms_ex,rank01_trial0195,1,195,fixed_pool_multi_step_switch_exact,rank01_trial0195_ms_ns,42.24,-1.7399999999999949,42.24,-1.7399999999999949,1.0,0.0,0,0.0,0.2641242937853107,0.6363636363636364,0.24598930481283424,0.22459893048128343,5.932203389830509,-0.23463624273292852,13.2905706804891,0.22230955882357134,633,89.40677966101696,0.7348140600316775,465.1373000000518,0.6569735875706947,-0.0863971684920205
sce2m_etg_run_0072,ETG-only,MarineMicro_MvsM_4_dist_mirror,sce-2m,rank01_trial0195_ms_fz020,rank01_trial0195,1,195,fixed_pool_multi_step_switch_fuzzy020,rank01_trial0195_ms_ns,42.24,-1.7399999999999949,42.24,-1.7399999999999949,1.0,0.0,0,0.0,0.22507122507122507,0.6708860759493671,0.26582278481012656,0.25316455696202533,5.698005698005698,-0.2602523497140964,14.65406852619118,0.25140035461003885,605,86.18233618233619,0.7681135537189453,464.7086999999619,0.6619782051281509,-0.08139255093456432
sce2m_etg_run_0072,ETG-only,MarineMicro_MvsM_4_dist_mirror,sce-2m,rank01_trial0195_ms_fz050,rank01_trial0195,1,195,fixed_pool_multi_step_switch_fuzzy050,rank01_trial0195_ms_ns,52.86,8.880000000000003,52.86,8.880000000000003,1.0,0.0,0,0.0,0.335243553008596,0.7350427350427351,0.19658119658119658,0.19230769230769232,6.446991404011461,-0.21199080066459008,12.301180580519796,0.24212008928567055,612,87.67908309455588,0.897611437908452,549.3381999999726,0.7870174785099895,0.0436467224472743
sce2m_etg_run_0072,ETG-only,MarineMicro_MvsM_4_dist_mirror,sce-2m,rank02_trial0060_ms_ns,rank02_trial0060,2,60,fixed_pool_multi_step_no_switch,rank02_trial0060_ms_ns,35.28,0.0,35.28,0.0,1.0,0.0,0,0.0,0.16,0.8482142857142857,0.09821428571428571,0.0,0.0,-0.009449102368940202,11.178803923884514,0.238450000000073,565,80.71428571428571,0.958932389380547,541.7968000000091,0.7739954285714415,0.0
sce2m_etg_run_0072,ETG-only,MarineMicro_MvsM_4_dist_mirror,sce-2m,rank02_trial0060_ms_ex,rank02_trial0060,2,60,fixed_pool_multi_step_switch_exact,rank02_trial0060_ms_ns,51.06,15.780000000000001,51.06,15.780000000000001,1.0,0.0,0,0.0,0.3655761024182077,0.8287937743190662,0.12840466926070038,0.12840466926070038,4.694167852062589,-0.007517505248813767,7.160658270648128,0.23854009433965231,629,89.47368421052632,0.9737612082671803,612.4958000000564,0.8712600284495824,0.09726459987814084
sce2m_etg_run_0072,ETG-only,MarineMicro_MvsM_4_dist_mirror,sce-2m,rank02_trial0060_ms_fz020,rank02_trial0060,2,60,fixed_pool_multi_step_switch_fuzzy020,rank02_trial0060_ms_ns,40.98,5.699999999999996,40.98,5.699999999999996,1.0,0.0,0,0.0,0.26420454545454547,0.7473118279569892,0.1827956989247312,0.15591397849462366,4.119318181818182,-0.009184391809991295,8.5915863240583,0.23155247148300398,612,86.93181818181819,0.7947099673203054,486.3625000000269,0.6908558238636746,-0.08313960470776693
sce2m_etg_run_0072,ETG-only,MarineMicro_MvsM_4_dist_mirror,sce-2m,rank02_trial0060_ms_fz050,rank02_trial0060,2,60,fixed_pool_multi_step_switch_fuzzy050,rank02_trial0060_ms_ns,47.88,12.600000000000001,47.88,12.600000000000001,1.0,0.0,0,0.0,0.4297994269340974,0.8,0.03,0.023333333333333334,1.002865329512894,-0.007255867033005554,7.703970230329387,0.24917383966254586,650,93.12320916905445,0.9008478461537534,585.5510999999397,0.8388984240686814,0.06490299549723988
sce2m_etg_run_0072,ETG-only,MarineMicro_MvsM_4_dist_mirror,sce-2m,rank03_trial0031_ms_ns,rank03_trial0031,3,31,fixed_pool_multi_step_no_switch,rank03_trial0031_ms_ns,57.18,0.0,57.18,0.0,1.0,0.0,0,0.0,0.44971264367816094,0.9073482428115016,0.0926517571884984,0.0,0.0,-0.003908973044254333,6.721056844689992,0.21441761904753606,656,94.25287356321839,0.5113117378048586,335.4204999999872,0.4819260057471081,0.0
sce2m_etg_run_0072,ETG-only,MarineMicro_MvsM_4_dist_mirror,sce-2m,rank03_trial0031_ms_ex,rank03_trial0031,3,31,fixed_pool_multi_step_switch_exact,rank03_trial0031_ms_ns,48.3,-8.880000000000003,48.3,-8.880000000000003,1.0,0.0,0,0.0,0.4434907010014306,0.9612903225806452,0.035483870967741936,0.03225806451612903,1.4306151645207439,-0.005531711154276635,9.15587864693446,0.2568192307692836,652,93.2761087267525,0.5063484662577935,330.13920000008136,0.4723021459228632,-0.009623859824244907
sce2m_etg_run_0072,ETG-only,MarineMicro_MvsM_4_dist_mirror,sce-2m,rank03_trial0031_ms_fz020,rank03_trial0031,3,31,fixed_pool_multi_step_switch_fuzzy020,rank03_trial0031_ms_ns,48.0,-9.18,48.0,-9.18,1.0,0.0,0,0.0,0.4355300859598854,0.9605263157894737,0.029605263157894735,0.029605263157894735,1.2893982808022924,-0.005498987848448784,8.906422708757635,0.2566725190839215,660,94.55587392550143,0.5007001515151462,330.46209999999655,0.4734414040114564,-0.008484601735651687
sce2m_etg_run_0072,ETG-only,MarineMicro_MvsM_4_dist_mirror,sce-2m,rank03_trial0031_ms_fz050,rank03_trial0031,3,31,fixed_pool_multi_step_switch_fuzzy050,rank03_trial0031_ms_ns,48.36,-8.82,48.36,-8.82,1.0,0.0,0,0.0,0.35050071530758226,0.8612244897959184,0.12653061224489795,0.12653061224489795,4.434907010014306,-0.0049532290265764615,8.117732991293531,0.24380399999999883,601,85.97997138769671,0.5120733777037659,307.75609999996334,0.44028054363371005,-0.041645462113398035
sce2m_etg_run_0072,ETG-only,MarineMicro_MvsM_4_dist_mirror,sce-2m,rank04_trial0046_ms_ns,rank04_trial0046,4,46,fixed_pool_multi_step_no_switch,rank04_trial0046_ms_ns,44.04,0.0,44.04,0.0,1.0,0.0,0,0.0,0.32761087267525035,0.7205240174672489,0.18340611353711792,0.0,0.0,-0.009064731990135556,8.274662644667623,0.25683490196080766,657,93.99141630901288,0.9388022831050427,616.793100000013,0.8823935622317783,0.0
sce2m_etg_run_0072,ETG-only,MarineMicro_MvsM_4_dist_mirror,sce-2m,rank04_trial0046_ms_ex,rank04_trial0046,4,46,fixed_pool_multi_step_switch_exact,rank04_trial0046_ms_ns,43.56,-0.4799999999999969,43.56,-0.4799999999999969,1.0,0.0,0,0.0,0.2621776504297994,0.7595628415300546,0.16393442622950818,0.16393442622950818,4.2979942693409745,-0.007938704844868007,8.837338295088566,0.28906290909096105,612,87.67908309455588,0.8897521241830553,544.5283000000298,0.780126504298037,-0.10226705793374136
sce2m_etg_run_0072,ETG-only,MarineMicro_MvsM_4_dist_mirror,sce-2m,rank04_trial0046_ms_fz020,rank04_trial0046,4,46,fixed_pool_multi_step_switch_fuzzy020,rank04_trial0046_ms_ns,30.42,-13.619999999999997,30.42,-13.619999999999997,1.0,0.0,0,0.0,0.16572237960339944,0.8290598290598291,0.09401709401709402,0.09401709401709402,1.5580736543909348,-0.012668368301234068,8.897852650633565,0.25752000000000713,638,90.36827195467423,0.7260970219435419,463.2498999999797,0.6561613314447304,-0.2262322307870479
sce2m_etg_run_0072,ETG-only,MarineMicro_MvsM_4_dist_mirror,sce-2m,rank04_trial0046_ms_fz050,rank04_trial0046,4,46,fixed_pool_multi_step_switch_fuzzy050,rank04_trial0046_ms_ns,33.48,-10.560000000000002,33.48,-10.560000000000002,0.94,-0.06000000000000005,3,3.0,0.24186704384724186,0.8304093567251462,0.1111111111111111,0.0935672514619883,2.263083451202263,-0.011325015332108095,13.993111155358898,0.25913966942150496,594,84.01697312588402,0.9190516835016435,545.9166999999762,0.7721594059405604,-0.11023415629121791
sce2m_etg_run_0072,ETG-only,MarineMicro_MvsM_4_dist_mirror,sce-2m,rank05_trial0069_ms_ns,rank05_trial0069,5,69,fixed_pool_multi_step_no_switch,rank05_trial0069_ms_ns,46.26,0.0,46.26,0.0,1.0,0.0,0,0.0,0.3414285714285714,0.8200836820083682,0.1589958158995816,0.0,0.0,-0.2302325903136875,13.131804420992584,0.24934363636377424,667,95.28571428571429,0.8411601199400537,561.0538000000158,0.8015054285714511,0.0
sce2m_etg_run_0072,ETG-only,MarineMicro_MvsM_4_dist_mirror,sce-2m,rank05_trial0069_ms_ex,rank05_trial0069,5,69,fixed_pool_multi_step_switch_exact,rank05_trial0069_ms_ns,42.6,-3.6599999999999966,42.6,-3.6599999999999966,1.0,0.0,0,0.0,0.25177809388335703,0.7344632768361582,0.2033898305084746,0.1864406779661017,4.694167852062589,-0.2551241262534147,14.816577707409753,0.24936931034497237,621,88.33570412517781,0.7802898550724182,484.5599999999717,0.68927453769555,-0.1122308908759011
sce2m_etg_run_0072,ETG-only,MarineMicro_MvsM_4_dist_mirror,sce-2m,rank05_trial0069_ms_fz020,rank05_trial0069,5,69,fixed_pool_multi_step_switch_fuzzy020,rank05_trial0069_ms_ns,41.46,-4.799999999999997,41.46,-4.799999999999997,1.0,0.0,0,0.0,0.22096317280453256,0.6858974358974359,0.2564102564102564,0.24358974358974358,5.38243626062323,-0.25309993357910315,14.49058213463149,0.2705404181185281,631,89.37677053824362,0.8390426307448764,529.435900000017,0.749909206798891,-0.05159622177256018
sce2m_etg_run_0072,ETG-only,MarineMicro_MvsM_4_dist_mirror,sce-2m,rank05_trial0069_ms_fz050,rank05_trial0069,5,69,fixed_pool_multi_step_switch_fuzzy050,rank05_trial0069_ms_ns,53.46,7.200000000000003,53.46,7.200000000000003,1.0,0.0,0,0.0,0.3776824034334764,0.8295454545454546,0.10984848484848485,0.10984848484848485,4.148783977110157,-0.21124743049280906,12.557405998942915,0.24266450216449945,629,89.9856938483548,0.9131661367249537,574.3814999999959,0.8217188841201658,0.020213455548714676
sce2m_etg_run_0072,ETG-only,MarineMicro_MvsM_4_dist_mirror,sce-2m,rank06_trial0167_ms_ns,rank06_trial0167,6,167,fixed_pool_multi_step_no_switch,rank06_trial0167_ms_ns,42.9,0.0,42.9,0.0,0.98,0.0,1,0.0,0.3347457627118644,0.8185654008438819,0.1350210970464135,0.0,0.0,-0.23334546095048814,13.03021816896985,0.25326678832111416,671,94.77401129943503,0.7824402384502298,525.0174000001042,0.7415500000001471,0.0
sce2m_etg_run_0072,ETG-only,MarineMicro_MvsM_4_dist_mirror,sce-2m,rank06_trial0167_ms_ex,rank06_trial0167,6,167,fixed_pool_multi_step_switch_exact,rank06_trial0167_ms_ns,54.12,11.219999999999999,54.12,11.219999999999999,1.0,0.020000000000000018,0,-1.0,0.33045977011494254,0.8478260869565217,0.11739130434782609,0.11304347826086956,3.735632183908046,-0.22873635232491432,12.99809782265699,0.21433703703696927,625,89.79885057471265,0.7600102399999913,475.0063999999945,0.6824804597701071,-0.059069540230040074
sce2m_etg_run_0072,ETG-only,MarineMicro_MvsM_4_dist_mirror,sce-2m,rank06_trial0167_ms_fz020,rank06_trial0167,6,167,fixed_pool_multi_step_switch_fuzzy020,rank06_trial0167_ms_ns,52.14,9.240000000000002,52.14,9.240000000000002,1.0,0.020000000000000018,0,-1.0,0.32285714285714284,0.8185840707964602,0.13716814159292035,0.13716814159292035,4.428571428571429,-0.2183575338676327,12.702201915939412,0.2488468749998989,630,90.0,0.8743926984126329,550.8673999999587,0.7869534285713696,0.04540342857122248
sce2m_etg_run_0072,ETG-only,MarineMicro_MvsM_4_dist_mirror,sce-2m,rank06_trial0167_ms_fz050,rank06_trial0167,6,167,fixed_pool_multi_step_switch_fuzzy050,rank06_trial0167_ms_ns,51.9,9.0,51.9,9.0,1.0,0.020000000000000018,0,-1.0,0.32285714285714284,0.8185840707964602,0.16371681415929204,0.15486725663716813,5.0,-0.2256797476026708,13.245464705882352,0.2905455357142341,614,87.71428571428571,0.9406493485341282,577.5586999999547,0.8250838571427924,0.08353385714264527
sce2m_etg_run_0072,ETG-only,MarineMicro_MvsM_4_dist_mirror,sce-2m,rank07_trial0097_ms_ns,rank07_trial0097,7,97,fixed_pool_multi_step_no_switch,rank07_trial0097_ms_ns,34.8,0.0,34.8,0.0,1.0,0.0,0,0.0,0.2814710042432815,0.7738693467336684,0.20603015075376885,0.0,0.0,-0.014065851709119311,12.627246126082772,0.3165710526315934,591,83.5926449787836,1.1149531302875575,658.9372999999465,0.9320188118811125,0.0
sce2m_etg_run_0072,ETG-only,MarineMicro_MvsM_4_dist_mirror,sce-2m,rank07_trial0097_ms_ex,rank07_trial0097,7,97,fixed_pool_multi_step_switch_exact,rank07_trial0097_ms_ns,46.56,11.760000000000005,46.56,11.760000000000005,1.0,0.0,0,0.0,0.3566333808844508,0.752,0.2,0.2,7.132667617689016,-0.013429751374237468,11.076869972076791,0.29198243243251415,593,84.59343794579172,1.8346807757167065,1087.965700000007,1.5520195435092825,0.62000073162817
sce2m_etg_run_0072,ETG-only,MarineMicro_MvsM_4_dist_mirror,sce-2m,rank07_trial0097_ms_fz020,rank07_trial0097,7,97,fixed_pool_multi_step_switch_fuzzy020,rank07_trial0097_ms_ns,43.02,8.220000000000006,43.02,8.220000000000006,0.96,-0.040000000000000036,2,2.0,0.3475177304964539,0.7714285714285715,0.18775510204081633,0.18775510204081633,6.524822695035461,-0.013633468559811656,10.830757582739842,0.2965369369368803,598,84.822695035461,2.63527207357862,1575.8927000000149,2.2353087943262624,1.30328998244515
sce2m_etg_run_0072,ETG-only,MarineMicro_MvsM_4_dist_mirror,sce-2m,rank07_trial0097_ms_fz050,rank07_trial0097,7,97,fixed_pool_multi_step_switch_fuzzy050,rank07_trial0097_ms_ns,54.72,19.92,54.72,19.92,1.0,0.0,0,0.0,0.4406294706723891,0.7012987012987013,0.22402597402597402,0.21753246753246752,9.585121602288984,-0.012806913710784323,11.229211909970829,0.2815587939698243,600,85.83690987124463,1.2069353333334032,724.161200000042,1.0359959942775994,0.1039771823964869
sce2m_etg_run_0072,ETG-only,MarineMicro_MvsM_4_dist_mirror,sce-2m,rank08_trial0053_ms_ns,rank08_trial0053,8,53,fixed_pool_multi_step_no_switch,rank08_trial0053_ms_ns,43.68,0.0,43.68,0.0,1.0,0.0,0,0.0,0.3516949152542373,0.8192771084337349,0.13654618473895583,0.0,0.0,-0.010342047501433154,8.140158747622928,0.27659958158995296,650,91.80790960451978,0.9166460000000307,595.81990000002,0.8415535310734745,0.0
sce2m_etg_run_0072,ETG-only,MarineMicro_MvsM_4_dist_mirror,sce-2m,rank08_trial0053_ms_ex,rank08_trial0053,8,53,fixed_pool_multi_step_switch_exact,rank08_trial0053_ms_ns,49.08,5.399999999999999,49.08,5.399999999999999,1.0,0.0,0,0.0,0.41893830703012913,0.7636986301369864,0.03767123287671233,0.03767123287671233,1.5781922525107603,-0.007459984707756966,7.777489861344874,0.27401198347127054,658,94.40459110473458,0.8868071428571163,583.5190999999825,0.83718665710184,-0.004366873971634488
sce2m_etg_run_0072,ETG-only,MarineMicro_MvsM_4_dist_mirror,sce-2m,rank08_trial0053_ms_fz020,rank08_trial0053,8,53,fixed_pool_multi_step_switch_fuzzy020,rank08_trial0053_ms_ns,51.18,7.5,51.18,7.5,1.0,0.0,0,0.0,0.3357142857142857,0.825531914893617,0.1574468085106383,0.15319148936170213,5.142857142857143,-0.006677798403436539,7.553105378385219,0.2818616822430814,623,89.0,0.9762971107544249,608.2331000000067,0.8689044285714382,0.02735089749796371
sce2m_etg_run_0072,ETG-only,MarineMicro_MvsM_4_dist_mirror,sce-2m,rank08_trial0053_ms_fz050,rank08_trial0053,8,53,fixed_pool_multi_step_switch_fuzzy050,rank08_trial0053_ms_ns,49.8,6.119999999999997,49.8,6.119999999999997,1.0,0.0,0,0.0,0.47707736389684813,0.8048048048048048,0.042042042042042045,0.03303303303303303,1.5759312320916905,-0.007279842988227822,7.725787899961817,0.2902004784688564,642,91.97707736389685,0.9600744548287059,616.3678000000292,0.8830484240688098,0.041494892995335264
sce3_etg_run_0070,ETG-only,MarineMicro_MvsM_8,sce-3,rank01_trial0193_ms_ns,rank01_trial0193,1,193,fixed_pool_multi_step_no_switch,rank01_trial0193_ms_ns,49.56,0.0,49.56,0.0,0.96,0.0,2,0.0,0.4061102831594635,0.8366972477064221,0.12844036697247707,0.0,0.0,-0.025962383691089504,-4.03472719501434,0.25448913043452814,467,34.79880774962742,0.7713207708781884,360.20680000011396,0.268410432190845,0.0
sce3_etg_run_0070,ETG-only,MarineMicro_MvsM_8,sce-3,rank01_trial0193_ms_ex,rank01_trial0193,1,193,fixed_pool_multi_step_switch_exact,rank01_trial0193_ms_ns,53.58,4.019999999999996,53.58,4.019999999999996,0.96,0.0,2,0.0,0.3761467889908257,0.9207317073170732,0.05894308943089431,0.036585365853658534,1.3761467889908257,-0.029927087536628698,-3.7913510906612133,0.2434999999981493,399,30.504587155963304,0.7616052631577834,303.8804999999556,0.23232454128436972,-0.036085890906475265
sce3_etg_run_0070,ETG-only,MarineMicro_MvsM_8,sce-3,rank01_trial0193_ms_fz020,rank01_trial0193,1,193,fixed_pool_multi_step_switch_fuzzy020,rank01_trial0193_ms_ns,52.74,3.1799999999999997,52.74,3.1799999999999997,0.96,0.0,2,0.0,0.36941710825132473,0.9016393442622951,0.0860655737704918,0.06762295081967214,2.498107494322483,-0.022739154844598375,-4.698847694394213,0.24678108108076144,414,31.33989401968206,0.7964625603864176,329.73549999997687,0.24961052233154948,-0.0187999098592955
sce3_etg_run_0070,ETG-only,MarineMicro_MvsM_8,sce-3,rank01_trial0193_ms_fz050,rank01_trial0193,1,193,fixed_pool_multi_step_switch_fuzzy050,rank01_trial0193_ms_ns,54.42,4.859999999999999,54.42,4.859999999999999,0.98,0.020000000000000018,1,-1.0,0.3769633507853403,0.9007936507936508,0.07341269841269842,0.04563492063492063,1.7202692595362752,-0.02516252741025031,-4.569557924163871,0.2557153846157762,435,32.53552729992521,0.7932059770115955,345.044600000044,0.25807374719524606,-0.010336684995598922
sce3_etg_run_0070,ETG-only,MarineMicro_MvsM_8,sce-3,rank02_trial0115_ms_ns,rank02_trial0115,2,115,fixed_pool_multi_step_no_switch,rank02_trial0115_ms_ns,51.66,0.0,51.78,0.0,0.92,0.0,3,0.0,0.22958500669344042,0.9067055393586005,0.08454810495626822,0.0,0.0,-0.015457547995657038,-8.088466976529537,0.2661854609924077,596,39.892904953145916,0.42295167785230847,252.07919999997586,0.16872771084335733,0.0
sce3_etg_run_0070,ETG-only,MarineMicro_MvsM_8,sce-3,rank02_trial0115_ms_ex,rank02_trial0115,2,115,fixed_pool_multi_step_switch_exact,rank02_trial0115_ms_ns,54.54,2.8800000000000026,54.54,2.759999999999998,0.98,0.05999999999999994,1,-2.0,0.22741194486983154,0.9461279461279462,0.04040404040404041,0.04040404040404041,0.9188361408882083,-0.011870427405818621,-10.666878346203346,0.2581000000004772,371,28.407350689127107,0.45817035040414644,169.98119999993833,0.13015405819290837,-0.03857365265044896
sce3_etg_run_0070,ETG-only,MarineMicro_MvsM_8,sce-3,rank02_trial0115_ms_fz020,rank02_trial0115,2,115,fixed_pool_multi_step_switch_fuzzy020,rank02_trial0115_ms_ns,56.7,5.040000000000006,56.7,4.920000000000002,1.0,0.07999999999999996,0,-3.0,0.2691397000789266,0.9706744868035191,0.008797653958944282,0.008797653958944282,0.23677979479084452,-0.018748930436752055,-9.890341336789193,0.2859285714284393,387,30.544593528018943,0.4901759689926548,189.6981000001574,0.14972225730083458,-0.019005453542522754
sce3_etg_run_0070,ETG-only,MarineMicro_MvsM_8,sce-3,rank02_trial0115_ms_fz050,rank02_trial0115,2,115,fixed_pool_multi_step_switch_fuzzy050,rank02_trial0115_ms_ns,50.7,-0.9599999999999937,50.7,-1.0799999999999983,0.94,0.019999999999999907,3,0.0,0.284275755228505,0.9536784741144414,0.02997275204359673,0.02452316076294278,0.69713400464756,-0.010443240387719216,-10.049512611607144,0.285261111111939,384,29.744384198295894,0.5693986979164826,218.64909999992932,0.16936413632837283,0.000636425485015496
sce3_etg_run_0070,ETG-only,MarineMicro_MvsM_8,sce-3,rank03_trial0001_ms_ns,rank03_trial0001,3,1,fixed_pool_multi_step_no_switch,rank03_trial0001_ms_ns,54.24,0.0,54.24,0.0,0.98,0.0,1,0.0,0.3965646004480956,0.9020715630885122,0.06591337099811675,0.0,0.0,-0.05262773790883153,9.886468695789807,0.25901250000135434,506,37.789395070948466,1.301534782608225,658.5765999997619,0.4918421209856325,0.0
sce3_etg_run_0070,ETG-only,MarineMicro_MvsM_8,sce-3,rank03_trial0001_ms_ex,rank03_trial0001,3,1,fixed_pool_multi_step_switch_exact,rank03_trial0001_ms_ns,60.36,6.119999999999997,60.36,6.119999999999997,0.98,0.0,1,0.0,0.3537051184110008,0.9352051835853131,0.038876889848812095,0.017278617710583154,0.6111535523300229,-0.07450873320955281,12.722199814716781,0.2618382352930085,356,27.19633307868602,1.1322553370783155,403.08289999988034,0.30793193277301784,-0.18391018821261468
sce3_etg_run_0070,ETG-only,MarineMicro_MvsM_8,sce-3,rank03_trial0001_ms_fz020,rank03_trial0001,3,1,fixed_pool_multi_step_switch_fuzzy020,rank03_trial0001_ms_ns,48.9,-5.340000000000003,48.9,-5.340000000000003,0.92,-0.05999999999999994,4,3.0,0.4488248673237301,0.9510135135135135,0.030405405405405407,0.02702702702702703,1.2130401819560273,-0.08289494071067052,10.86973901229536,0.27967179487102356,443,33.586050037907505,1.3919954853270744,616.6539999998939,0.4675163002273646,-0.02432582075826789
sce3_etg_run_0070,ETG-only,MarineMicro_MvsM_8,sce-3,rank03_trial0001_ms_fz050,rank03_trial0001,3,1,fixed_pool_multi_step_switch_fuzzy050,rank03_trial0001_ms_ns,54.12,-0.12000000000000455,54.12,-0.12000000000000455,0.98,0.0,1,0.0,0.4357414448669201,0.9162303664921466,0.06108202443280977,0.03664921465968586,1.596958174904943,-0.07402626677329488,11.83253496162622,0.2547394736860036,426,32.39543726235741,1.3141826291079166,559.8417999999725,0.4257352091254544,-0.06610691186017814
sce3_etg_run_0070,ETG-only,MarineMicro_MvsM_8,sce-3,rank04_trial0056_ms_ns,rank04_trial0056,4,56,fixed_pool_multi_step_no_switch,rank04_trial0056_ms_ns,51.06,0.0,50.94,0.0,0.98,0.0,0,0.0,0.06970509383378017,0.8269230769230769,0.10576923076923077,0.0,0.0,-0.016945588255766062,-1.6149443298059971,0.25688814589702214,582,39.00804289544236,0.4053470790379394,235.91200000008072,0.15811796246654203,0.0
sce3_etg_run_0070,ETG-only,MarineMicro_MvsM_8,sce-3,rank04_trial0056_ms_ex,rank04_trial0056,4,56,fixed_pool_multi_step_switch_exact,rank04_trial0056_ms_ns,53.22,2.1599999999999966,53.64,2.700000000000003,0.96,-0.020000000000000018,1,1.0,0.08168822328114364,0.8083333333333333,0.14166666666666666,0.13333333333333333,1.0891763104152485,-0.02161993525599089,-1.4345646660052913,0.2809547008539214,462,31.4499659632403,0.4687974025975302,216.58440000005896,0.14743662355347786,-0.010681338913064164
sce3_etg_run_0070,ETG-only,MarineMicro_MvsM_8,sce-3,rank04_trial0056_ms_fz020,rank04_trial0056,4,56,fixed_pool_multi_step_switch_fuzzy020,rank04_trial0056_ms_ns,52.08,1.019999999999996,52.08,1.1400000000000006,0.96,-0.020000000000000018,2,2.0,0.09252120277563608,0.85,0.10833333333333334,0.06666666666666667,0.6168080185042406,-0.020367965602207945,-1.343194186429513,0.25426686746995697,411,31.688511950655357,0.47724257907514894,196.1466999998862,0.15123107170384442,-0.006886890762697606
sce3_etg_run_0070,ETG-only,MarineMicro_MvsM_8,sce-3,rank04_trial0056_ms_fz050,rank04_trial0056,4,56,fixed_pool_multi_step_switch_fuzzy050,rank04_trial0056_ms_ns,51.48,0.4199999999999946,51.48,0.5399999999999991,1.0,0.020000000000000018,0,0.0,0.08681925808997633,0.8090909090909091,0.12727272727272726,0.12727272727272726,1.1049723756906078,-0.013335071490572356,-1.8666846548238019,0.23619102564121947,409,32.28097868981847,0.5081740831294609,207.8431999999495,0.16404356748220164,0.005925605015659613
sce3_etg_run_0070,ETG-only,MarineMicro_MvsM_8,sce-3,rank05_trial0160_ms_ns,rank05_trial0160,5,160,fixed_pool_multi_step_no_switch,rank05_trial0160_ms_ns,53.22,0.0,53.34,0.0,0.96,0.0,1,0.0,0.07845744680851063,0.8559322033898306,0.0847457627118644,0.0,0.0,-0.02469417090919737,-0.9695477518374414,0.23681173469409925,619,41.15691489361702,0.28064474959612207,173.71909999999957,0.11550472074468057,0.0
sce3_etg_run_0070,ETG-only,MarineMicro_MvsM_8,sce-3,rank05_trial0160_ms_ex,rank05_trial0160,5,160,fixed_pool_multi_step_switch_exact,rank05_trial0160_ms_ns,56.52,3.3000000000000043,56.52,3.1799999999999997,0.96,0.0,2,1.0,0.0944700460829493,0.8861788617886179,0.04065040650406504,0.04065040650406504,0.38402457757296465,-0.015350138963924448,-1.544903164282619,0.2607179190750876,407,31.259600614439325,0.37005380835388124,150.61190000002966,0.11567734254994598,0.0001726218052654077
sce3_etg_run_0070,ETG-only,MarineMicro_MvsM_8,sce-3,rank05_trial0160_ms_fz020,rank05_trial0160,5,160,fixed_pool_multi_step_switch_fuzzy020,rank05_trial0160_ms_ns,52.14,-1.0799999999999983,52.14,-1.2000000000000028,0.98,0.020000000000000018,1,0.0,0.07981580966999233,0.8269230769230769,0.038461538461538464,0.038461538461538464,0.3069838833461243,-0.019711498283157772,-1.464031854460095,0.2793203389830946,399,30.6216423637759,0.38921228070187,155.2957000000461,0.11918319263242219,0.003678471887741619
sce3_etg_run_0070,ETG-only,MarineMicro_MvsM_8,sce-3,rank05_trial0160_ms_fz050,rank05_trial0160,5,160,fixed_pool_multi_step_switch_fuzzy050,rank05_trial0160_ms_ns,55.8,2.5799999999999983,56.22,2.8799999999999955,0.98,0.020000000000000018,0,-1.0,0.07926829268292683,0.9572649572649573,0.02564102564102564,0.02564102564102564,0.2032520325203252,-0.011799310581718049,-1.1461793802490594,0.28990261780115095,495,33.53658536585366,0.3667668686871062,181.54960000011755,0.12300108401091975,0.0074963632662391755
sce3_etg_run_0070,ETG-only,MarineMicro_MvsM_8,sce-3,rank06_trial0088_ms_ns,rank06_trial0088,6,88,fixed_pool_multi_step_no_switch,rank06_trial0088_ms_ns,46.86,0.0,46.98,0.0,0.96,0.0,1,0.0,0.11359026369168357,0.7678571428571429,0.10119047619047619,0.0,0.0,-0.026885868945641427,0.4587627118644067,0.26182530487816347,631,42.66396213657877,0.4492928684630589,283.50380000019015,0.1916861392834281,0.0
sce3_etg_run_0070,ETG-only,MarineMicro_MvsM_8,sce-3,rank06_trial0088_ms_ex,rank06_trial0088,6,88,fixed_pool_multi_step_switch_exact,rank06_trial0088_ms_ns,53.58,6.719999999999999,53.58,6.600000000000001,0.98,0.020000000000000018,1,0.0,0.107981220657277,0.8768115942028986,0.10869565217391304,0.050724637681159424,0.5477308294209703,-0.03270617822218857,0.3500301532567049,0.2673832167834329,334,26.134585289514867,0.4498781437124209,150.25929999994858,0.1175737871674089,-0.07411235211601919
sce3_etg_run_0070,ETG-only,MarineMicro_MvsM_8,sce-3,rank06_trial0088_ms_fz020,rank06_trial0088,6,88,fixed_pool_multi_step_switch_fuzzy020,rank06_trial0088_ms_ns,52.14,5.280000000000001,52.14,5.160000000000004,0.96,0.0,2,1.0,0.11472868217054263,0.8378378378378378,0.12837837837837837,0.060810810810810814,0.6976744186046512,-0.022012092617095264,-0.18337151162790705,0.26591690140820773,382,29.612403100775193,0.5009732984289073,191.37179999984255,0.1483502325580175,-0.0433359067254106
sce3_etg_run_0070,ETG-only,MarineMicro_MvsM_8,sce-3,rank06_trial0088_ms_fz050,rank06_trial0088,6,88,fixed_pool_multi_step_switch_fuzzy050,rank06_trial0088_ms_ns,52.32,5.460000000000001,52.74,5.760000000000005,0.98,0.020000000000000018,0,-1.0,0.09631147540983606,0.8085106382978723,0.10638297872340426,0.09929078014184398,0.9562841530054644,-0.03075073458271474,-0.199148720472441,0.26717357723561563,473,32.30874316939891,0.40875348837256686,193.34040000022412,0.13206311475425145,-0.059623024529176644
sce3_etg_run_0070,ETG-only,MarineMicro_MvsM_8,sce-3,rank07_trial0045_ms_ns,rank07_trial0045,7,45,fixed_pool_multi_step_no_switch,rank07_trial0045_ms_ns,55.5,0.0,55.5,0.0,1.0,0.0,0,0.0,0.04552469135802469,0.9661016949152542,0.0,0.0,0.0,-0.004535685865036344,-1.4738391304347827,0.2724602339179799,390,30.09259259259259,0.3184479487179222,124.19469999998967,0.09582924382715252,0.0
sce3_etg_run_0070,ETG-only,MarineMicro_MvsM_8,sce-3,rank07_trial0045_ms_ex,rank07_trial0045,7,45,fixed_pool_multi_step_switch_exact,rank07_trial0045_ms_ns,50.04,-5.460000000000001,50.04,-5.460000000000001,0.98,-0.020000000000000018,1,1.0,0.06162246489859594,1.0,0.0,0.0,0.0,-0.004855009230529959,-1.310347536945813,0.2802359375000396,407,31.747269890795632,0.3089820638824284,125.75570000014835,0.09809336973490511,0.002264125907752587
sce3_etg_run_0070,ETG-only,MarineMicro_MvsM_8,sce-3,rank07_trial0045_ms_fz020,rank07_trial0045,7,45,fixed_pool_multi_step_switch_fuzzy020,rank07_trial0045_ms_ns,52.2,-3.299999999999997,52.74,-2.759999999999998,0.96,-0.040000000000000036,1,1.0,0.05249343832020997,0.9875,0.0125,0.0125,0.06561679790026247,-0.00461345842678434,-0.7172605536332181,0.2849248663099965,620,40.68241469816273,0.2915483870968878,180.76000000007042,0.11860892388456064,0.022779680057408117
sce3_etg_run_0070,ETG-only,MarineMicro_MvsM_8,sce-3,rank07_trial0045_ms_fz050,rank07_trial0045,7,45,fixed_pool_multi_step_switch_fuzzy050,rank07_trial0045_ms_ns,52.44,-3.0600000000000023,52.44,-3.0600000000000023,1.0,0.0,0,0.0,0.06426332288401254,0.9634146341463414,0.012195121951219513,0.012195121951219513,0.07836990595611286,-0.005585435014324082,-1.2429182971014494,0.2653862857140358,384,30.094043887147336,0.3098653645831247,118.98829999991989,0.09325101880871464,-0.0025782250184378797
sce3_etg_run_0070,ETG-only,MarineMicro_MvsM_8,sce-3,rank08_trial0179_ms_ns,rank08_trial0179,8,179,fixed_pool_multi_step_no_switch,rank08_trial0179_ms_ns,51.72,0.0,51.72,0.0,0.98,0.0,1,0.0,0.2673716012084592,0.8615819209039548,0.11864406779661017,0.0,0.0,-0.02259752771945204,-4.989554625984252,0.24842340425698603,455,34.36555891238671,0.645243516483147,293.5857999998319,0.22174154078537153,0.0
sce3_etg_run_0070,ETG-only,MarineMicro_MvsM_8,sce-3,rank08_trial0179_ms_ex,rank08_trial0179,8,179,fixed_pool_multi_step_switch_exact,rank08_trial0179_ms_ns,53.58,1.8599999999999994,53.58,1.8599999999999994,0.96,-0.020000000000000018,2,1.0,0.30092592592592593,0.9435897435897436,0.028205128205128206,0.028205128205128206,0.8487654320987654,-0.019083936666797915,-5.273931228765572,0.2133205128199387,410,31.635802469135804,0.595802439024422,244.279000000013,0.18848688271605943,-0.033254658069312104
sce3_etg_run_0070,ETG-only,MarineMicro_MvsM_8,sce-3,rank08_trial0179_ms_fz020,rank08_trial0179,8,179,fixed_pool_multi_step_switch_fuzzy020,rank08_trial0179_ms_ns,55.26,3.539999999999999,55.26,3.539999999999999,0.98,0.0,1,0.0,0.2356101304681504,0.8794788273615635,0.08143322475570032,0.05537459283387622,1.3046815042210285,-0.021069817987142768,-5.211854388888889,0.27321904761886834,383,29.393706830391405,0.6463749347253965,247.56159999982685,0.18999355333831686,-0.031747987447054676
sce3_etg_run_0070,ETG-only,MarineMicro_MvsM_8,sce-3,rank08_trial0179_ms_fz050,rank08_trial0179,8,179,fixed_pool_multi_step_switch_fuzzy050,rank08_trial0179_ms_ns,54.84,3.1200000000000045,54.84,3.1200000000000045,1.0,0.020000000000000018,0,-1.0,0.2985418265541059,0.9023136246786633,0.05912596401028278,0.05912596401028278,1.765157329240215,-0.01761820837898231,-6.029771803534303,0.2330849999998108,406,31.15886415963162,0.6063295566504664,246.16980000008937,0.1889254029164155,-0.03281613786895604
sce3m_etg_run_0073,ETG-only,MarineMicro_MvsM_8_mirror,sce-3m,rank01_trial0182_ms_ns,rank01_trial0182,1,182,fixed_pool_multi_step_no_switch,rank01_trial0182_ms_ns,65.1,0.0,65.1,0.0,1.0,0.0,0,0.0,0.6184971098265896,0.9986648865153538,0.0,0.0,0.0,-0.0063404475370778274,6.708247475087334,0.2508609756101365,154,12.716763005780347,0.6314357142856089,97.24109999998376,0.0802981833195572,0.0
sce3m_etg_run_0073,ETG-only,MarineMicro_MvsM_8_mirror,sce-3m,rank01_trial0182_ms_ex,rank01_trial0182,1,182,fixed_pool_multi_step_switch_exact,rank01_trial0182_ms_ns,62.64,-2.4599999999999937,62.64,-2.4599999999999937,1.0,0.0,0,0.0,0.5710804224207962,0.9928876244665719,0.002844950213371266,0.002844950213371266,0.16246953696181965,-0.00960490957835623,6.5141459676669,0.2582647727271075,179,14.541023558082859,0.6878134078213765,123.11860000002639,0.10001510966695888,0.019716926347401686
sce3m_etg_run_0073,ETG-only,MarineMicro_MvsM_8_mirror,sce-3m,rank01_trial0182_ms_fz020,rank01_trial0182,1,182,fixed_pool_multi_step_switch_fuzzy020,rank01_trial0182_ms_ns,63.0,-2.0999999999999943,63.0,-2.0999999999999943,1.0,0.0,0,0.0,0.7151162790697675,0.9883855981416957,0.009291521486643438,0.003484320557491289,0.24916943521594684,-0.006640344968081422,6.317615529813968,0.23239223300946915,179,14.867109634551495,0.603765921787886,108.07410000003159,0.08976254152826545,0.009464358208708251
sce3m_etg_run_0073,ETG-only,MarineMicro_MvsM_8_mirror,sce-3m,rank01_trial0182_ms_fz050,rank01_trial0182,1,182,fixed_pool_multi_step_switch_fuzzy050,rank01_trial0182_ms_ns,61.62,-3.479999999999997,61.62,-3.479999999999997,1.0,0.0,0,0.0,0.5881383855024712,0.9845938375350141,0.012605042016806723,0.0056022408963585435,0.32948929159802304,-0.01343948914571847,6.015262020403639,0.25360555555556075,201,16.556836902800658,0.7562850746269371,152.01330000001434,0.1252168863262062,0.044918703006649005
sce3m_etg_run_0073,ETG-only,MarineMicro_MvsM_8_mirror,sce-3m,rank02_trial0015_ms_ns,rank02_trial0015,2,15,fixed_pool_multi_step_no_switch,rank02_trial0015_ms_ns,60.42,0.0,60.24,0.0,0.96,0.0,1,0.0,0.5305096913137114,0.986468200270636,0.006765899864682003,0.0,0.0,-0.010289297942305752,-2.3038357407407415,0.22744916387943712,371,26.633165829145728,0.28293908355785335,104.9703999999636,0.0753556353194283,0.0
sce3m_etg_run_0073,ETG-only,MarineMicro_MvsM_8_mirror,sce-3m,rank02_trial0015_ms_ex,rank02_trial0015,2,15,fixed_pool_multi_step_switch_exact,rank02_trial0015_ms_ns,60.42,0.0,59.82,-0.4200000000000017,0.98,0.020000000000000018,0,-1.0,0.44142857142857145,0.9967637540453075,0.003236245954692557,0.003236245954692557,0.14285714285714285,-0.0038091405646152447,-3.232503600823046,0.2264096463022496,375,26.785714285714285,0.2482002666664395,93.07509999991481,0.06648221428565344,-0.00887342103377485
sce3m_etg_run_0073,ETG-only,MarineMicro_MvsM_8_mirror,sce-3m,rank02_trial0015_ms_fz020,rank02_trial0015,2,15,fixed_pool_multi_step_switch_fuzzy020,rank02_trial0015_ms_ns,61.08,0.6599999999999966,61.08,0.8399999999999963,1.0,0.040000000000000036,0,-1.0,0.6799007444168734,0.9963503649635036,0.0,0.0,0.0,-0.0042652057723136,-3.1458525510204085,0.2514592857146677,206,17.03887510339123,0.3684126213595024,75.8930000000575,0.06277336641857527,-0.012582268900853025
sce3m_etg_run_0073,ETG-only,MarineMicro_MvsM_8_mirror,sce-3m,rank02_trial0015_ms_fz050,rank02_trial0015,2,15,fixed_pool_multi_step_switch_fuzzy050,rank02_trial0015_ms_ns,62.22,1.7999999999999972,61.98,1.7399999999999949,0.96,0.0,1,0.0,0.5312954876273653,0.9917808219178083,0.005479452054794521,0.005479452054794521,0.29112081513828236,-0.006489645667132816,-2.6755100767754323,0.24133050847441517,361,26.273653566229985,0.2581072022161178,93.17670000001854,0.06781419213975148,-0.00754144317967681
sce3m_etg_run_0073,ETG-only,MarineMicro_MvsM_8_mirror,sce-3m,rank03_trial0039_ms_ns,rank03_trial0039,3,39,fixed_pool_multi_step_no_switch,rank03_trial0039_ms_ns,61.44,0.0,61.44,0.0,0.98,0.0,1,0.0,0.7127659574468085,0.09529276693455797,0.9012629161882894,0.0,0.0,-0.056296568253469015,14.638864898805169,0.25545161290309004,200,16.366612111292962,0.6250699999998766,125.01399999997531,0.10230278232403872,0.0
sce3m_etg_run_0073,ETG-only,MarineMicro_MvsM_8_mirror,sce-3m,rank03_trial0039_ms_ex,rank03_trial0039,3,39,fixed_pool_multi_step_switch_exact,rank03_trial0039_ms_ns,62.04,0.6000000000000014,62.04,0.6000000000000014,1.0,0.020000000000000018,0,-1.0,0.7942148760330578,0.07596253902185224,0.9209157127991675,0.05098855359001041,4.049586776859504,-0.0749221392840053,18.372092316720835,0.2773452830188045,145,11.983471074380166,0.6980455172414336,101.21660000000787,0.08365008264463461,-0.01865269967940411
sce3m_etg_run_0073,ETG-only,MarineMicro_MvsM_8_mirror,sce-3m,rank03_trial0039_ms_fz020,rank03_trial0039,3,39,fixed_pool_multi_step_switch_fuzzy020,rank03_trial0039_ms_ns,62.22,0.7800000000000011,62.22,0.7800000000000011,1.0,0.020000000000000018,0,-1.0,0.625,0.08051948051948052,0.9142857142857143,0.06103896103896104,3.814935064935065,-0.06793168209769036,16.74285747935891,0.2537140625006873,177,14.366883116883116,0.7347858757060047,130.05709999996284,0.10556582792204776,0.0032630455980090373
sce3m_etg_run_0073,ETG-only,MarineMicro_MvsM_8_mirror,sce-3m,rank03_trial0039_ms_fz050,rank03_trial0039,3,39,fixed_pool_multi_step_switch_fuzzy050,rank03_trial0039_ms_ns,60.96,-0.4799999999999969,60.96,-0.4799999999999969,0.98,0.0,1,0.0,0.732463295269168,0.05456570155902005,0.9420935412026726,0.05679287305122494,4.159869494290375,-0.07497271136838789,17.78434415690104,0.26725294117629156,154,12.561174551386623,0.7708064935063308,118.70419999997495,0.09682234910275281,-0.005480433221285913
sce3m_etg_run_0073,ETG-only,MarineMicro_MvsM_8_mirror,sce-3m,rank04_trial0071_ms_ns,rank04_trial0071,4,71,fixed_pool_multi_step_no_switch,rank04_trial0071_ms_ns,66.24,0.0,66.24,0.0,0.98,0.0,1,0.0,0.6141666666666666,0.9837177747625508,0.014925373134328358,0.0,0.0,-0.0038295870999956625,-1.6012854092526694,0.25247011494245164,172,14.333333333333334,0.46676802325575245,80.28409999998942,0.06690341666665785,0.0
sce3m_etg_run_0073,ETG-only,MarineMicro_MvsM_8_mirror,sce-3m,rank04_trial0071_ms_ex,rank04_trial0071,4,71,fixed_pool_multi_step_switch_exact,rank04_trial0071_ms_ns,62.28,-3.9599999999999937,62.28,-3.9599999999999937,1.0,0.020000000000000018,0,-1.0,0.630308076602831,0.9960369881109643,0.0,0.0,0.0,-0.003416930605008592,-1.6242288000000003,0.2636999999999864,187,15.570358034970857,0.40665026737959475,76.04359999998422,0.06331690258116922,-0.003586514085488629
sce3m_etg_run_0073,ETG-only,MarineMicro_MvsM_8_mirror,sce-3m,rank04_trial0071_ms_fz020,rank04_trial0071,4,71,fixed_pool_multi_step_switch_fuzzy020,rank04_trial0071_ms_ns,64.44,-1.7999999999999972,64.44,-1.7999999999999972,1.0,0.020000000000000018,0,-1.0,0.5799011532125206,1.0,0.0,0.0,0.0,-0.0035392306052605318,-1.5620337413684875,0.2531337349394785,160,13.179571663920923,0.4360587500002788,69.76940000004461,0.05747067545308453,-0.00943274121357332
sce3m_etg_run_0073,ETG-only,MarineMicro_MvsM_8_mirror,sce-3m,rank04_trial0071_ms_fz050,rank04_trial0071,4,71,fixed_pool_multi_step_switch_fuzzy050,rank04_trial0071_ms_ns,61.8,-4.439999999999998,61.8,-4.439999999999998,1.0,0.020000000000000018,0,-1.0,0.5421095666394112,0.9909502262443439,0.004524886877828055,0.0015082956259426848,0.08176614881439084,-0.005950674552091925,-1.5505820289855077,0.22461764705896844,192,15.699100572363042,0.392815624999987,75.4205999999975,0.06166852003270442,-0.005234896633953427
sce3m_etg_run_0073,ETG-only,MarineMicro_MvsM_8_mirror,sce-3m,rank05_trial0119_ms_ns,rank05_trial0119,5,119,fixed_pool_multi_step_no_switch,rank05_trial0119_ms_ns,62.1,0.0,62.1,0.0,1.0,0.0,0,0.0,0.020475020475020474,0.84,0.04,0.0,0.0,-0.005901296412121766,0.062382812500000155,0.22933010752730737,185,15.151515151515152,0.4600610810811261,85.11130000000833,0.06970622440623123,0.0
sce3m_etg_run_0073,ETG-only,MarineMicro_MvsM_8_mirror,sce-3m,rank05_trial0119_ms_ex,rank05_trial0119,5,119,fixed_pool_multi_step_switch_exact,rank05_trial0119_ms_ns,62.46,0.35999999999999943,62.46,0.35999999999999943,1.0,0.0,0,0.0,0.024006622516556293,0.7586206896551724,0.13793103448275862,0.13793103448275862,0.33112582781456956,-0.008488126304891357,0.04322716049382733,0.24985212765964485,181,14.983443708609272,0.4433530386739676,80.24689999998813,0.06642955298012262,-0.0032766714261086016
sce3m_etg_run_0073,ETG-only,MarineMicro_MvsM_8_mirror,sce-3m,rank05_trial0119_ms_fz020,rank05_trial0119,5,119,fixed_pool_multi_step_switch_fuzzy020,rank05_trial0119_ms_ns,62.76,0.6599999999999966,62.76,0.6599999999999966,1.0,0.0,0,0.0,0.017369727047146403,0.9047619047619048,0.047619047619047616,0.047619047619047616,0.0827129859387924,-0.006069699989101182,-0.06942869415807545,0.22606857142890358,185,15.301902398676592,0.3547091891891834,65.62119999999894,0.054277253928865954,-0.015428970477365272
sce3m_etg_run_0073,ETG-only,MarineMicro_MvsM_8_mirror,sce-3m,rank05_trial0119_ms_fz050,rank05_trial0119,5,119,fixed_pool_multi_step_switch_fuzzy050,rank05_trial0119_ms_ns,60.12,-1.980000000000004,60.12,-1.980000000000004,0.96,-0.040000000000000036,1,1.0,0.024893314366998577,0.8571428571428571,0.05714285714285714,0.05714285714285714,0.1422475106685633,-0.005601038990477122,0.036599089347079214,0.2480472131143155,403,28.662873399715505,0.3360910669974588,135.44469999997588,0.09633335704123462,0.026627132635003395
sce3m_etg_run_0073,ETG-only,MarineMicro_MvsM_8_mirror,sce-3m,rank06_trial0029_ms_ns,rank06_trial0029,6,29,fixed_pool_multi_step_no_switch,rank06_trial0029_ms_ns,62.7,0.0,62.7,0.0,1.0,0.0,0,0.0,0.6990049751243781,1.0,0.0,0.0,0.0,-0.01777094154935593,-0.7039522727272728,0.257451999999887,185,15.339966832504146,0.31494810810822227,58.26540000002112,0.04831293532340059,0.0
sce3m_etg_run_0073,ETG-only,MarineMicro_MvsM_8_mirror,sce-3m,rank06_trial0029_ms_ex,rank06_trial0029,6,29,fixed_pool_multi_step_switch_exact,rank06_trial0029_ms_ns,62.52,-0.17999999999999972,62.52,-0.17999999999999972,0.98,-0.020000000000000018,1,1.0,0.6365894039735099,1.0,0.0,0.0,0.0,-0.004582092088189603,-0.9221875000000002,0.252715686274211,178,14.735099337748345,0.29449494382017966,52.420099999991976,0.04339412251654965,-0.004918812806850942
sce3m_etg_run_0073,ETG-only,MarineMicro_MvsM_8_mirror,sce-3m,rank06_trial0029_ms_fz020,rank06_trial0029,6,29,fixed_pool_multi_step_switch_fuzzy020,rank06_trial0029_ms_ns,62.16,-0.5400000000000063,62.16,-0.5400000000000063,1.0,0.0,0,0.0,0.5032733224222586,0.9902439024390244,0.0,0.0,0.0,-0.014654277618500312,-0.8071160683760683,0.26351682242991753,205,16.775777414075286,0.34549707317055905,70.82689999996461,0.05795981996723781,0.009646884643837221
sce3m_etg_run_0073,ETG-only,MarineMicro_MvsM_8_mirror,sce-3m,rank06_trial0029_ms_fz050,rank06_trial0029,6,29,fixed_pool_multi_step_switch_fuzzy050,rank06_trial0029_ms_ns,65.4,2.700000000000003,65.4,2.700000000000003,1.0,0.0,0,0.0,0.4881244881244881,0.9983221476510067,0.0,0.0,0.0,-0.006359030120800497,-0.8396851063829788,0.2517472527464556,169,13.841113841113842,0.31064556212995886,52.49909999996305,0.04299680589677563,-0.00531612942662496
sce3m_etg_run_0073,ETG-only,MarineMicro_MvsM_8_mirror,sce-3m,rank07_trial0100_ms_ns,rank07_trial0100,7,100,fixed_pool_multi_step_no_switch,rank07_trial0100_ms_ns,65.52,0.0,65.52,0.0,1.0,0.0,0,0.0,0.5834710743801653,0.9815864022662889,0.0169971671388102,0.0,0.0,-0.017723243421382876,-7.32198922955975,0.2411012048194217,154,12.727272727272727,0.48317987012961866,74.40969999996128,0.061495619834678744,0.0
sce3m_etg_run_0073,ETG-only,MarineMicro_MvsM_8_mirror,sce-3m,rank07_trial0100_ms_ex,rank07_trial0100,7,100,fixed_pool_multi_step_switch_exact,rank07_trial0100_ms_ns,62.4,-3.1199999999999974,62.4,-3.1199999999999974,1.0,0.0,0,0.0,0.5057947019867549,0.9918166939443536,0.0032733224222585926,0.0032733224222585926,0.16556291390728478,-0.009275741691486357,-6.673411693548388,0.2644330275226887,188,15.562913907284768,0.4790606382977874,90.06339999998403,0.07455579470197353,0.013060174867294785
sce3m_etg_run_0073,ETG-only,MarineMicro_MvsM_8_mirror,sce-3m,rank07_trial0100_ms_fz020,rank07_trial0100,7,100,fixed_pool_multi_step_switch_fuzzy020,rank07_trial0100_ms_ns,61.44,-4.079999999999998,61.44,-4.079999999999998,1.0,0.0,0,0.0,0.6013234077750207,0.9958734525447043,0.001375515818431912,0.001375515818431912,0.0827129859387924,-0.01779328044183399,-6.55106269633508,0.2472474074071716,222,18.36228287841191,0.4234436936936799,94.00449999999694,0.07775392886682957,0.016258309032150822
sce3m_etg_run_0073,ETG-only,MarineMicro_MvsM_8_mirror,sce-3m,rank07_trial0100_ms_fz050,rank07_trial0100,7,100,fixed_pool_multi_step_switch_fuzzy050,rank07_trial0100_ms_ns,65.04,-0.47999999999998977,65.04,-0.47999999999998977,1.0,0.0,0,0.0,0.6957605985037406,1.0,0.0,0.0,0.0,-0.013338907505055784,-7.831786796747969,0.27290561797731094,158,13.133832086450541,0.4469765822785269,70.62230000000724,0.05870515378221716,-0.002790466052461582
sce3m_etg_run_0073,ETG-only,MarineMicro_MvsM_8_mirror,sce-3m,rank08_trial0027_ms_ns,rank08_trial0027,8,27,fixed_pool_multi_step_no_switch,rank08_trial0027_ms_ns,63.3,0.0,63.3,0.0,1.0,0.0,0,0.0,0.5900570497147515,0.9972375690607734,0.0013812154696132596,0.0,0.0,-0.002654338742243982,0.3143506769825918,0.2468980582530364,178,14.506927465362674,0.3931224719101818,69.97580000001236,0.05702999185005082,0.0
sce3m_etg_run_0073,ETG-only,MarineMicro_MvsM_8_mirror,sce-3m,rank08_trial0027_ms_ex,rank08_trial0027,8,27,fixed_pool_multi_step_switch_exact,rank08_trial0027_ms_ns,62.34,-0.9599999999999937,62.34,-0.9599999999999937,1.0,0.0,0,0.0,0.5642915642915642,0.9796806966618288,0.013062409288824383,0.0043541364296081275,0.2457002457002457,-0.0042755294185998554,0.6301031456953642,0.23216500000035722,196,16.052416052416053,0.41536989795932355,81.41250000002742,0.06667690417692664,0.009646912326875819
sce3m_etg_run_0073,ETG-only,MarineMicro_MvsM_8_mirror,sce-3m,rank08_trial0027_ms_fz020,rank08_trial0027,8,27,fixed_pool_multi_step_switch_fuzzy020,rank08_trial0027_ms_ns,64.32,1.019999999999996,64.32,1.019999999999996,1.0,0.0,0,0.0,0.5823627287853578,0.9928571428571429,0.002857142857142857,0.002857142857142857,0.16638935108153077,-0.004026398993981746,0.4235162872154115,0.22694742268042298,181,15.058236272878537,0.4061624309392744,73.51540000000867,0.06116089850250305,0.004130906652452235
sce3m_etg_run_0073,ETG-only,MarineMicro_MvsM_8_mirror,sce-3m,rank08_trial0027_ms_fz050,rank08_trial0027,8,27,fixed_pool_multi_step_switch_fuzzy050,rank08_trial0027_ms_ns,63.24,-0.05999999999999517,63.24,-0.05999999999999517,1.0,0.0,0,0.0,0.6146341463414634,0.9933862433862434,0.0026455026455026454,0.0026455026455026454,0.16260162601626016,-0.004129988357909564,0.5100163170163169,0.27283877551053537,206,16.747967479674795,0.562671844660387,115.91040000003971,0.0942360975610079,0.03720610571095708
